Date,Adj Close,Close,High,Low,Open,Volume
2021-08-02,604.6427612304688,620.0499877929688,628.39501953125,617.0,627.0,10124350
2021-08-03,617.456298828125,633.1900024414062,634.2000122070312,620.5999755859375,621.5,10917100
2021-08-04,620.1135864257812,635.9149780273438,647.7449951171875,631.5,634.2999877929688,16320910
2021-08-05,609.2991333007812,624.8250122070312,635.5499877929688,623.2000122070312,635.4000244140625,8665670
2021-08-06,606.9636840820312,622.4299926757812,629.9500122070312,621.0999755859375,628.5,7297890
2021-08-09,603.926025390625,619.3150024414062,626.9949951171875,613.60498046875,622.5,8811790
2021-08-10,601.6784057617188,617.010009765625,624.844970703125,614.2050170898438,622.5,7310090
2021-08-11,601.4541015625,616.780029296875,619.9949951171875,605.7000122070312,617.6099853515625,7919290
2021-08-12,604.5452880859375,619.9500122070312,625.489990234375,615.125,618.0999755859375,7946020
2021-08-13,600.3571166992188,615.655029296875,622.885009765625,613.0999755859375,621.0,6679320
2021-08-16,621.868896484375,637.7150268554688,639.5,610.385009765625,614.9000244140625,14233350
2021-08-17,625.0819702148438,641.010009765625,643.6849975585938,630.5,640.9949951171875,16027760
2021-08-18,638.1489868164062,654.4099731445312,664.0,640.60498046875,643.4000244140625,21537300
2021-08-20,649.558349609375,666.1099853515625,673.27001953125,645.5650024414062,647.1950073242188,21647320
2021-08-23,658.44189453125,675.219970703125,681.9500122070312,669.7000122070312,674.0,17383400
2021-08-24,680.6656494140625,698.010009765625,704.9000244140625,672.7949829101562,677.5,26229900
2021-08-25,677.2379760742188,694.4949951171875,705.4000244140625,692.0999755859375,700.5,15096670
2021-08-26,675.9703979492188,693.1950073242188,699.3250122070312,685.5,690.0,12345880
2021-08-27,679.3492431640625,696.6599731445312,702.4349975585938,687.2000122070312,695.0,9359060
2021-08-30,698.7449340820312,716.5499877929688,719.7000122070312,698.0,699.594970703125,15043820
2021-08-31,733.7529907226562,752.4500122070312,759.8800048828125,713.0,716.0,29464380
2021-09-01,733.2750854492188,751.9600219726562,767.4500122070312,748.3350219726562,752.5,22277890
2021-09-02,731.212646484375,749.844970703125,758.6400146484375,744.5050048828125,750.0,11833780
2021-09-03,733.6456909179688,752.3400268554688,755.5,746.1749877929688,750.0,8802470
2021-09-06,731.9829711914062,750.635009765625,761.5,748.510009765625,755.0,8970710
2021-09-07,727.1998291015625,745.72998046875,756.625,740.719970703125,752.8900146484375,8360130
2021-09-08,727.7752685546875,746.3200073242188,751.4000244140625,741.10498046875,745.7000122070312,8592560
2021-09-09,724.6011962890625,743.0650024414062,746.0,738.0,743.0,7004360
2021-09-13,726.0540771484375,744.5549926757812,749.5,735.2000122070312,743.0650024414062,8025650
2021-09-14,723.3236694335938,741.7550048828125,753.0,740.7999877929688,748.0,7192580
2021-09-15,722.9920654296875,741.4149780273438,748.0,738.0,744.5,6572830
2021-09-16,722.7337646484375,741.1500244140625,744.5,733.0499877929688,744.5,5771290
2021-09-17,724.4208374023438,742.8800048828125,767.9949951171875,736.0,744.5499877929688,34749690
2021-09-20,725.7518310546875,744.2449951171875,758.0999755859375,732.0750122070312,736.0,10838060
2021-09-21,761.9689331054688,781.385009765625,784.7100219726562,740.0999755859375,748.114990234375,19931330
2021-09-22,759.9990844726562,779.364990234375,789.5,777.0999755859375,785.0,15005410
2021-09-23,770.2772827148438,789.905029296875,799.9000244140625,780.4650268554688,786.3599853515625,21091470
2021-09-24,759.9747924804688,779.3400268554688,794.9849853515625,772.5650024414062,794.9849853515625,11293460
2021-09-27,760.1746826171875,779.5449829101562,786.0,774.0050048828125,784.9000244140625,6507740
2021-09-28,735.586181640625,754.3300170898438,782.5,742.5050048828125,781.5,15723010
2021-09-29,732.8655395507812,751.5399780273438,763.5850219726562,745.614990234375,752.9000244140625,9458790
2021-09-30,747.756103515625,766.8099975585938,770.0,749.0900268554688,754.5,14907070
2021-10-01,733.5823364257812,752.2750244140625,763.9199829101562,747.5,762.0,9377400
2021-10-04,750.3841552734375,769.5050048828125,776.9000244140625,756.0150146484375,758.7999877929688,10901980
2021-10-05,753.2266845703125,772.4199829101562,776.5,763.4099731445312,768.2999877929688,7732430
2021-10-06,754.2944946289062,773.5150146484375,788.0599975585938,768.5,781.0,17646310
2021-10-07,755.5377807617188,774.7899780273438,788.5,773.7999877929688,784.5900268554688,9405500
2021-10-08,754.0067749023438,773.219970703125,782.9000244140625,771.2000122070312,775.0,7565710
2021-10-11,762.285888671875,781.7100219726562,790.4400024414062,775.2000122070312,777.3900146484375,9086480
2021-10-12,766.0547485351562,785.5750122070312,792.5,775.0,781.0,10994490
2021-10-13,773.22705078125,792.9299926757812,801.0,786.1300048828125,790.7899780273438,10524380
2021-10-14,766.7520141601562,786.2899780273438,796.9000244140625,781.2349853515625,796.9000244140625,11348490
2021-10-18,767.010498046875,786.5549926757812,805.0,780.0800170898438,805.0,8550980
2021-10-19,754.6991577148438,773.9299926757812,791.469970703125,767.0999755859375,789.0,12449890
2021-10-20,756.849365234375,776.135009765625,783.35498046875,757.5,774.0999755859375,11028990
2021-10-21,754.504150390625,773.72998046875,783.0,768.5,783.0,6394610
2021-10-22,751.8615112304688,771.02001953125,793.5,766.5,775.5999755859375,15173760
2021-10-25,745.6643676757812,764.6649780273438,783.7750244140625,735.0499877929688,775.0,11697290
2021-10-26,766.0450439453125,785.5650024414062,789.4949951171875,765.1099853515625,769.5,16605750
2021-10-27,729.623291015625,748.2150268554688,791.9949951171875,746.0999755859375,787.0,31122330
2021-10-28,729.8279418945312,748.4249877929688,759.5999755859375,735.3400268554688,754.0,15723020
2021-10-29,721.6318359375,740.02001953125,754.969970703125,731.3049926757812,748.0,9483340
2021-11-01,722.9727172851562,741.39501953125,750.02001953125,722.0,743.0,10373140
2021-11-02,727.009765625,745.5349731445312,755.5,740.0250244140625,746.6699829101562,6871160
2021-11-03,732.9484252929688,751.625,753.8800048828125,745.0999755859375,748.5999755859375,6687040
2021-11-04,733.8113403320312,752.510009765625,756.9000244140625,751.5,756.0999755859375,940330
2021-11-08,748.2973022460938,767.364990234375,771.3150024414062,748.5999755859375,754.3900146484375,9003010
2021-11-09,738.9212036132812,757.75,775.4400024414062,755.0,770.0,8002470
2021-11-10,739.3064575195312,758.14501953125,761.0,750.5,754.5,4649890
2021-11-11,726.7512817382812,745.27001953125,760.094970703125,741.0,757.02001953125,6344000
2021-11-12,739.0772094726562,757.9099731445312,760.0250244140625,745.2999877929688,750.0,4971280
2021-11-15,734.7037353515625,753.4249877929688,762.7449951171875,749.0,757.9000244140625,4025180
2021-11-16,736.7954711914062,755.5700073242188,765.0,750.0750122070312,752.5,5980490
2021-11-17,741.861328125,760.7650146484375,769.2000122070312,752.125,752.7999877929688,6455740
2021-11-18,729.8961791992188,748.4949951171875,769.77001953125,744.0,762.0,7725390
2021-11-22,688.291259765625,705.8300170898438,751.4500122070312,699.0050048828125,749.2000122070312,19352430
2021-11-23,693.752197265625,711.4299926757812,717.7999877929688,692.4099731445312,700.0,11875890
2021-11-24,699.8956298828125,717.72998046875,731.97998046875,706.5999755859375,716.0,10993800
2021-11-25,694.8736572265625,712.5800170898438,720.5,708.6799926757812,715.0,6154860
2021-11-26,663.7907104492188,680.7050170898438,704.7899780273438,677.5,702.0999755859375,16890820
2021-11-29,673.4154052734375,690.5750122070312,698.0,667.8300170898438,676.7000122070312,14918150
2021-11-30,682.3380737304688,699.7249755859375,719.97998046875,684.9249877929688,691.0,21955390
2021-12-01,686.3799438476562,703.8699951171875,710.77001953125,695.0999755859375,703.219970703125,11367680
2021-12-02,700.2077026367188,718.0499877929688,721.0,702.239990234375,709.0,8477040
2021-12-03,689.359130859375,706.9249877929688,723.3800048828125,705.5,716.0,8164110
2021-12-06,677.9010620117188,695.1749877929688,709.5900268554688,693.8099975585938,706.9249877929688,8582530
2021-12-07,692.6649169921875,710.3150024414062,717.0,695.7999877929688,704.7999877929688,10796080
2021-12-08,717.8579711914062,736.1500244140625,738.635009765625,712.0,712.0,14026910
2021-12-09,725.5421142578125,744.030029296875,746.8099975585938,733.7000122070312,740.0,10769500
2021-12-10,726.73193359375,745.25,746.7000122070312,736.0,737.4000244140625,6791450
2021-12-13,703.9376220703125,721.875,747.7000122070312,719.9000244140625,747.0,12985990
2021-12-14,689.032470703125,706.5900268554688,718.0,703.5,718.0,12764810
2021-12-15,667.710693359375,684.7249755859375,707.25,683.0999755859375,707.25,18175280
2021-12-16,685.4194946289062,702.885009765625,706.344970703125,693.2899780273438,694.5,17683180
2021-12-17,672.9619140625,690.1099853515625,702.5,686.5,700.0,16805110
2021-12-20,646.9302368164062,663.4149780273438,686.4849853515625,649.260009765625,685.0,22263190
2021-12-21,641.4109497070312,657.7550048828125,675.0,654.0,672.5150146484375,13755910
2021-12-22,660.2947387695312,677.1199951171875,679.0750122070312,662.3800048828125,663.5,12678980
2021-12-23,674.5856323242188,691.7750244140625,699.3499755859375,683.8250122070312,684.0,13393990
2021-12-24,668.1740112304688,685.2000122070312,698.7949829101562,675.760009765625,698.489990234375,9807740
2021-12-27,671.9527587890625,689.0750122070312,690.8800048828125,665.405029296875,675.0999755859375,9123600
2021-12-28,673.503173828125,690.6649780273438,698.0,686.1749877929688,698.0,8624640
2021-12-29,673.99072265625,691.1649780273438,694.9949951171875,685.3049926757812,688.489990234375,5323790
2021-12-30,670.0365600585938,687.1099853515625,694.4949951171875,685.6900024414062,689.989990234375,6589920
2021-12-31,680.3926391601562,697.72998046875,699.9000244140625,687.5549926757812,688.2000122070312,7699070
2022-01-03,704.0206298828125,721.9600219726562,724.39501953125,697.5,697.5,12697250
2022-01-04,716.053955078125,734.2999877929688,737.5,723.5499877929688,725.0,9591730
2022-01-05,748.0194091796875,767.0800170898438,769.114990234375,741.5,746.989990234375,25832620
2022-01-06,755.5718994140625,774.8250122070312,777.9349975585938,752.0999755859375,752.5,15359860
2022-01-07,746.90283203125,765.9349975585938,778.5,758.5,776.39501953125,11659510
2022-01-10,753.9190673828125,773.1300048828125,775.9000244140625,766.9749755859375,768.5999755859375,6390600
2022-01-11,747.9268188476562,766.9849853515625,775.9949951171875,757.0999755859375,773.9000244140625,10379120
2022-01-12,758.1317749023438,777.4500122070312,786.9000244140625,769.1799926757812,772.5999755859375,14584040
2022-01-13,761.4326171875,780.8350219726562,784.9550170898438,777.4000244140625,782.7999877929688,6163740
2022-01-14,763.75830078125,783.219970703125,784.6099853515625,772.8499755859375,777.5,5696350
2022-01-17,765.7476806640625,785.260009765625,791.0,780.155029296875,781.9500122070312,6797740
2022-01-18,755.1575927734375,774.4000244140625,794.5,771.60498046875,789.9949951171875,11300240
2022-01-19,738.3654174804688,757.1799926757812,804.5,747.2999877929688,785.0,50003170
2022-01-20,734.3136596679688,753.0250244140625,765.0,740.0999755859375,761.0,29103830
2022-01-21,719.052490234375,737.375,749.9000244140625,730.5850219726562,740.25,13704500
2022-01-24,675.9508056640625,693.1749877929688,735.0,681.77001953125,735.0,25025820
2022-01-25,679.0713500976562,696.375,699.5999755859375,675.219970703125,690.0,25259340
2022-01-27,666.7112426757812,683.7000122070312,690.2349853515625,670.8099975585938,682.3599853515625,17610280
2022-01-28,669.6611328125,686.7249755859375,704.5599975585938,684.5,696.10498046875,14675220
2022-01-31,682.6306762695312,700.0250244140625,707.5900268554688,693.010009765625,697.989990234375,12512490
2022-02-01,684.030029296875,701.4600219726562,711.5800170898438,688.5999755859375,707.5900268554688,13834490
2022-02-02,706.7362670898438,724.7449951171875,728.0,709.5,710.0,13398210
2022-02-03,693.396240234375,711.0650024414062,728.7050170898438,710.0,725.2999877929688,8398560
2022-02-04,698.0525512695312,715.8400268554688,718.8400268554688,705.5,709.0,8232080
2022-02-07,675.8386840820312,693.0599975585938,716.5,688.0999755859375,716.5,11830120
2022-02-08,687.9696044921875,705.5,714.7000122070312,691.469970703125,700.0,16405420
2022-02-09,694.0496826171875,711.7349853515625,715.7899780273438,707.0,712.85498046875,6491660
2022-02-10,695.9658203125,713.7000122070312,724.0,706.5,713.5,12442000
2022-02-11,683.7373657226562,701.1599731445312,707.9949951171875,692.10498046875,704.0,12764610
2022-02-14,661.733154296875,678.594970703125,693.0,674.405029296875,681.0,11697660
2022-02-15,696.4583129882812,714.2050170898438,719.5,678.594970703125,680.0,13468200
2022-02-16,689.2957763671875,706.8599853515625,722.4949951171875,705.0,718.5,10540410
2022-02-17,690.6463623046875,708.2449951171875,712.7999877929688,698.2000122070312,712.0,9036160
2022-02-18,685.5413818359375,703.010009765625,711.5999755859375,701.0,702.0,7625170
2022-02-21,683.2254638671875,700.635009765625,708.0900268554688,691.0999755859375,700.0,8166640
2022-02-22,683.7130126953125,701.135009765625,703.614990234375,678.9000244140625,680.0,12587320
2022-02-23,686.9505615234375,704.4550170898438,711.7349853515625,702.7449951171875,706.0,7952280
2022-02-24,646.3110961914062,662.780029296875,690.02001953125,659.2449951171875,680.0,19300400
2022-02-25,679.6221923828125,696.9400024414062,698.9949951171875,675.9000244140625,680.0,14132810
2022-02-28,682.8305053710938,700.22998046875,702.5,680.6599731445312,686.0,15808910
2022-03-02,666.1798706054688,683.155029296875,693.635009765625,676.2000122070312,691.7999877929688,16080090
2022-03-03,658.0664672851562,674.8350219726562,694.4299926757812,672.5,692.0,13339990
2022-03-04,637.5443725585938,653.7899780273438,669.7999877929688,650.0,668.8400268554688,19965090
2022-03-07,597.2803955078125,612.5,637.0,610.0,635.0,28435880
2022-03-08,600.8738403320312,616.1849975585938,621.7349853515625,591.2899780273438,612.7999877929688,28857830
2022-03-09,631.1670532226562,647.25,652.5,612.1849975585938,621.9500122070312,22801310
2022-03-10,642.1276245117188,658.489990234375,679.4000244140625,650.0999755859375,679.4000244140625,20915610
2022-03-11,646.33056640625,662.7999877929688,668.5,649.0050048828125,655.0,12647710
2022-03-14,649.982421875,666.5449829101562,668.9000244140625,650.0,660.0999755859375,12668460
2022-03-15,650.0897827148438,666.655029296875,675.0,660.5,667.719970703125,14792700
2022-03-16,667.0623168945312,684.0599975585938,689.9400024414062,674.3350219726562,678.0,16335960
2022-03-17,682.0601196289062,699.4400024414062,705.6900024414062,693.010009765625,694.77001953125,16706780
2022-03-21,669.9682006835938,687.0399780273438,701.875,685.0,700.0,9620190
2022-03-22,681.2214965820312,698.5800170898438,701.0,676.7000122070312,687.0,12737960
2022-03-23,683.07421875,700.47998046875,710.4000244140625,697.0,705.0,11767500
2022-03-24,682.3673095703125,699.7550048828125,703.5549926757812,688.125,696.9000244140625,7837160
2022-03-25,680.0220336914062,697.3499755859375,706.7449951171875,694.0,705.9000244140625,7023730
2022-03-28,682.7427978515625,700.1400146484375,703.5,687.0,699.0,9369730
2022-03-29,686.4434814453125,703.9349975585938,706.0,698.4500122070312,704.0,7159500
2022-03-30,707.1654052734375,725.1849975585938,727.4450073242188,709.9000244140625,710.0,12722540
2022-03-31,707.955322265625,725.9949951171875,744.5,724.0650024414062,728.7949829101562,16330110
2022-04-01,722.4022216796875,740.8099975585938,744.9000244140625,722.030029296875,722.9949951171875,8715130
2022-04-04,730.4520874023438,749.0650024414062,759.0900268554688,743.0,744.9000244140625,10497590
2022-04-05,720.4859619140625,738.844970703125,747.9949951171875,733.0,743.5,10720820
2022-04-06,716.4391479492188,734.6950073242188,742.5,730.0,735.0,7670310
2022-04-07,710.9051513671875,729.02001953125,735.5999755859375,727.0,731.0,7182660
2022-04-08,718.3552856445312,736.6599731445312,742.5,726.0,732.8300170898438,8819730
2022-04-11,715.4346923828125,733.6649780273438,738.4000244140625,729.5,734.5050048828125,5975080
2022-04-12,709.3740844726562,727.4500122070312,729.9949951171875,722.0,729.9949951171875,8055980
2022-04-13,714.6349487304688,732.844970703125,738.0,728.2050170898438,731.2999877929688,6723170
2022-04-18,708.1015625,726.14501953125,737.5,723.1599731445312,726.5499877929688,7582220
2022-04-19,707.916259765625,725.9550170898438,744.3300170898438,715.0999755859375,730.0,11911100
2022-04-20,685.775390625,703.25,729.469970703125,696.0,727.4949951171875,15581810
2022-04-21,696.072998046875,713.8099975585938,718.7000122070312,704.72998046875,709.9000244140625,8753430
2022-04-22,693.4060668945312,711.0750122070312,720.7000122070312,707.1400146484375,708.0,8079870
2022-04-25,683.142578125,700.5499877929688,707.4949951171875,695.0,700.0,6849530
2022-04-26,706.0634765625,724.0549926757812,726.2949829101562,709.7000122070312,713.0999755859375,10124190
2022-04-27,654.7266235351562,671.4099731445312,710.0,668.885009765625,710.0,39843570
2022-04-28,656.0479125976562,672.7650146484375,680.5,658.0,674.7999877929688,24990940
2022-04-29,650.6017456054688,667.1799926757812,682.3599853515625,665.0999755859375,680.0,13375170
2022-05-02,646.1500854492188,662.614990234375,664.9849853515625,652.5499877929688,655.0,12387410
2022-05-04,618.2217407226562,633.9749755859375,666.780029296875,629.0,662.989990234375,16491150
2022-05-05,615.26708984375,630.9450073242188,649.7449951171875,629.0,640.0,14860280
2022-05-06,585.1203002929688,600.030029296875,620.5050048828125,597.5,620.0999755859375,30648650
2022-05-09,588.6942138671875,603.6950073242188,613.5250244140625,583.2550048828125,596.0999755859375,19356480
2022-05-10,578.11376953125,592.844970703125,611.3049926757812,590.0,600.0,11779330
2022-05-11,566.2706298828125,580.7000122070312,599.6599731445312,573.7000122070312,595.7000122070312,18613390
2022-05-12,545.44140625,559.3400268554688,576.4749755859375,550.5900268554688,575.0,24940440
2022-05-13,537.8692016601562,551.5750122070312,574.9000244140625,550.0,570.0,21053150
2022-05-16,550.5121459960938,564.5399780273438,571.1950073242188,548.7999877929688,557.5,14149550
2022-05-17,569.2252807617188,583.72998046875,584.9000244140625,565.2000122070312,566.0,14017700
2022-05-18,567.0703125,581.52001953125,595.6699829101562,579.0,588.9949951171875,16550940
2022-05-19,556.51904296875,570.7000122070312,574.5,561.0999755859375,565.0999755859375,10650250
2022-05-20,562.6235961914062,576.9600219726562,584.1950073242188,571.2000122070312,584.0,10986100
2022-05-23,565.0029296875,579.4000244140625,590.625,577.1199951171875,582.5,9680210
2022-05-24,565.4710083007812,579.8800048828125,583.2999877929688,572.5,578.2999877929688,10840690
2022-05-25,568.2599487304688,582.739990234375,587.77001953125,580.1799926757812,583.9000244140625,8675980
2022-05-26,567.3238525390625,581.780029296875,587.5449829101562,565.3400268554688,585.0,12595460
2022-05-27,584.4571533203125,599.3499755859375,607.7000122070312,586.10498046875,590.0,16258050
2022-05-30,595.9347534179688,611.1199951171875,612.7000122070312,604.1099853515625,608.7999877929688,8174840
2022-05-31,593.1019897460938,608.2150268554688,616.9199829101562,601.64501953125,611.0,15489660
2022-06-01,586.0808715820312,601.0150146484375,613.0,597.7249755859375,606.0,8876200
2022-06-02,590.732177734375,605.7849731445312,608.0,594.9199829101562,600.7000122070312,7508090
2022-06-03,587.8410034179688,602.8200073242188,616.7999877929688,601.4000244140625,612.5,10434650
2022-06-06,587.1388549804688,602.0999755859375,605.0,591.0999755859375,600.8200073242188,7376570
2022-06-07,573.2526245117188,587.8599853515625,598.9949951171875,583.364990234375,598.0,8969820
2022-06-08,580.634521484375,595.4299926757812,605.4000244140625,580.2249755859375,590.0,13341460
2022-06-09,575.1981201171875,589.85498046875,593.1599731445312,585.5,590.5,12376740
2022-06-10,552.6672973632812,566.75,583.5,565.239990234375,582.5,21518910
2022-06-13,522.5107421875,535.8250122070312,555.4000244140625,532.5,552.5050048828125,19327850
2022-06-14,524.2172241210938,537.5750122070312,546.0999755859375,528.4199829101562,534.7000122070312,18845410
2022-06-15,534.8658447265625,548.4949951171875,549.989990234375,539.614990234375,541.7999877929688,16599430
2022-06-16,515.2604370117188,528.3900146484375,561.4949951171875,525.4849853515625,556.5,21796860
2022-06-17,528.4884033203125,541.9550170898438,547.5,522.0,522.0,19379390
2022-06-20,533.4518432617188,547.0449829101562,551.0,535.2000122070312,542.7999877929688,11194560
2022-06-21,541.1263427734375,554.9149780273438,556.4000244140625,545.5,552.5,10023590
2022-06-22,530.443603515625,543.9600219726562,553.1500244140625,540.5,553.1500244140625,8983460
2022-06-23,531.2772827148438,544.8150024414062,549.5,534.2999877929688,544.5599975585938,11018570
2022-06-24,544.8904418945312,558.7750244140625,561.6649780273438,545.5,551.0,13049330
2022-06-27,550.1025390625,564.1199951171875,572.5,558.7750244140625,570.0,10490080
2022-06-28,543.7689819335938,557.625,561.9000244140625,552.5,560.7000122070312,7395000
2022-06-29,537.5816650390625,551.280029296875,555.4000244140625,546.0,548.5,7559820
2022-06-30,528.5481567382812,540.0499877929688,553.52001953125,537.7000122070312,551.280029296875,11982750
2022-07-01,549.482666015625,561.4400024414062,563.39501953125,533.5050048828125,536.4000244140625,12218900
2022-07-04,551.038818359375,563.030029296875,564.89501953125,554.0999755859375,561.2899780273438,7898180
2022-07-05,554.0531616210938,566.1099853515625,575.5,562.64501953125,566.0,12284530
2022-07-06,579.0689086914062,591.6699829101562,593.885009765625,564.5900268554688,568.0,22229520
2022-07-07,573.5881958007812,586.0700073242188,598.6900024414062,581.5999755859375,593.5,13352470
2022-07-08,574.8114624023438,587.3200073242188,592.7999877929688,580.0999755859375,592.7999877929688,8032820
2022-07-11,573.6664428710938,586.1500244140625,590.39501953125,581.3800048828125,585.0,7613370
2022-07-12,574.845703125,587.35498046875,595.9550170898438,578.4000244140625,584.97998046875,9754460
2022-07-13,575.3693237304688,587.8900146484375,597.9000244140625,586.6599731445312,592.9949951171875,8869340
2022-07-14,570.6666870117188,583.0850219726562,592.6950073242188,579.469970703125,592.5,6929200
2022-07-15,578.922119140625,591.52001953125,592.8250122070312,581.2849731445312,585.5,5698590
2022-07-18,593.0740966796875,605.97998046875,606.8099975585938,593.135009765625,596.989990234375,9664320
2022-07-19,593.6759643554688,606.594970703125,609.8150024414062,600.2050170898438,604.0,9785600
2022-07-20,594.5029907226562,607.4400024414062,614.9600219726562,604.2050170898438,614.9000244140625,8270920
2022-07-21,613.343017578125,626.6900024414062,628.3150024414062,603.5999755859375,607.9000244140625,13254930
2022-07-22,612.4964599609375,625.8250122070312,632.5,621.77001953125,627.0999755859375,9532950
2022-07-25,609.43798828125,622.7000122070312,633.4000244140625,618.5,624.0,7240230
2022-07-26,613.1031494140625,626.4450073242188,638.3699951171875,621.25,630.0,15304060
2022-07-27,626.0123291015625,639.635009765625,642.9400024414062,619.5,627.9000244140625,14449890
2022-07-28,692.5885009765625,707.6599731445312,710.9949951171875,652.2000122070312,652.2000122070312,64857820
2022-07-29,705.5562133789062,720.9099731445312,726.0,712.5,717.5,26067620
2022-08-01,710.6357421875,726.0999755859375,731.0,719.2000122070312,725.10498046875,12270770
2022-08-02,718.553466796875,734.1900024414062,735.5999755859375,718.219970703125,720.14501953125,12491240
2022-08-03,714.0955200195312,729.635009765625,737.6400146484375,721.7999877929688,732.5999755859375,12186210
2022-08-04,716.0822143554688,731.6649780273438,738.5,720.5,733.89501953125,9494810
2022-08-05,714.9127807617188,730.469970703125,736.7949829101562,727.60498046875,733.9949951171875,7580780
2022-08-08,718.5828247070312,734.219970703125,739.7999877929688,726.4000244140625,730.0,9574820
2022-08-10,699.7134399414062,714.9400024414062,736.9000244140625,710.5,736.9000244140625,19065230
2022-08-11,716.307373046875,731.89501953125,732.5,721.7349853515625,724.4000244140625,10270510
2022-08-12,715.3727416992188,730.9400024414062,734.2999877929688,727.2050170898438,730.2000122070312,10369410
2022-08-16,713.0922241210938,728.6099853515625,738.4000244140625,727.2100219726562,733.9000244140625,8044640
2022-08-17,736.6790771484375,752.7100219726562,763.7999877929688,729.5999755859375,730.0,23444140
2022-08-18,732.8768310546875,748.8250122070312,758.8800048828125,745.239990234375,749.0,8353540
2022-08-19,714.6190795898438,730.1699829101562,753.8699951171875,727.0999755859375,751.0,11004270
2022-08-22,695.0939331054688,710.219970703125,727.97998046875,708.885009765625,726.0999755859375,10608620
2022-08-23,705.4192504882812,720.77001953125,725.0,705.0,708.5,10886030
2022-08-24,702.4048461914062,717.6900024414062,723.6400146484375,714.0,716.5,9530960
2022-08-25,689.706298828125,704.7150268554688,723.9000244140625,702.510009765625,721.280029296875,13542960
2022-08-26,691.1694946289062,706.2100219726562,714.1500244140625,702.5700073242188,712.0,7591390
2022-08-29,681.6025390625,696.4349975585938,701.5499877929688,686.135009765625,688.0999755859375,9967350
2022-08-30,715.0643920898438,730.625,733.5,700.0,700.0,17313810
2022-09-01,702.8355102539062,718.1300048828125,733.385009765625,714.2000122070312,722.8599853515625,14625790
2022-09-02,703.72119140625,719.0349731445312,731.2999877929688,717.344970703125,721.7100219726562,9063700
2022-09-05,704.2937622070312,719.6199951171875,725.4000244140625,715.7999877929688,719.0700073242188,7070250
2022-09-06,696.7725219726562,711.9349975585938,725.5,710.5,722.875,7919050
2022-09-07,701.3870849609375,716.6500244140625,720.7949829101562,707.0,707.7999877929688,7919940
2022-09-08,710.3079223632812,725.7650146484375,727.9450073242188,717.5,722.0,7722510
2022-09-09,702.79638671875,718.0900268554688,732.4000244140625,716.5,730.0,6496070
2022-09-12,713.170654296875,728.6900024414062,731.989990234375,718.7849731445312,721.6849975585938,8347160
2022-09-13,724.577392578125,740.344970703125,744.4000244140625,731.239990234375,733.0,13827000
2022-09-14,732.406982421875,748.344970703125,756.0,727.2150268554688,727.2150268554688,14933880
2022-09-15,722.89892578125,738.6300048828125,753.2849731445312,736.969970703125,748.9949951171875,7174200
2022-09-16,711.9178466796875,727.4099731445312,748.0150146484375,719.4349975585938,738.5,11870360
2022-09-19,733.64501953125,749.6099853515625,752.4450073242188,719.094970703125,727.5,16481170
2022-09-20,747.2783813476562,763.5399780273438,771.5,756.5,756.9949951171875,16134500
2022-09-21,752.685791015625,769.0650024414062,773.5,758.60498046875,764.0,12392620
2022-09-22,755.51416015625,771.9550170898438,777.7999877929688,760.0,767.0,12810390
2022-09-23,734.7265625,750.7150268554688,773.1500244140625,747.5,771.47998046875,14123310
2022-09-26,710.4889526367188,725.9500122070312,746.0,712.9000244140625,743.7000122070312,18752050
2022-09-27,708.8594360351562,724.2849731445312,737.9949951171875,721.0050048828125,732.5,11428290
2022-09-28,704.910400390625,720.25,729.75,716.010009765625,717.9000244140625,8690690
2022-09-29,695.3435668945312,710.4749755859375,731.6900024414062,708.8049926757812,731.25,9696320
2022-09-30,717.9515991210938,733.5750122070312,736.2000122070312,702.6799926757812,708.0999755859375,16186650
2022-10-03,701.9057006835938,717.1799926757812,739.7999877929688,714.4600219726562,733.7000122070312,8201980
2022-10-04,732.9207763671875,748.8699951171875,750.5,730.635009765625,733.5,11914950
2022-10-06,724.6459350585938,740.4149780273438,759.9000244140625,734.6900024414062,755.0,15100600
2022-10-07,718.87158203125,734.5150146484375,740.7750244140625,727.2249755859375,738.5449829101562,9911960
2022-10-10,713.8068237304688,729.3400268554688,733.7999877929688,722.0999755859375,726.5,6531130
2022-10-11,704.9398193359375,720.280029296875,735.25,717.260009765625,730.7000122070312,7322060
2022-10-12,707.2298583984375,722.6199951171875,725.8499755859375,714.5,720.5,7407310
2022-10-13,699.9336547851562,715.1649780273438,722.5999755859375,711.469970703125,722.0499877929688,6086550
2022-10-14,711.7612915039062,727.25,734.5,722.0999755859375,730.0,8390120
2022-10-17,719.8551635742188,735.52001953125,737.22998046875,721.7000122070312,725.4949951171875,6174010
2022-10-18,723.3001708984375,739.0399780273438,743.0,732.0999755859375,740.0,9069750
2022-10-19,722.3214721679688,738.0399780273438,744.0,735.0,741.7000122070312,6271770
2022-10-20,727.4107055664062,743.239990234375,744.9000244140625,726.0999755859375,736.9949951171875,10260540
2022-10-21,703.9561157226562,719.2750244140625,749.0,715.3049926757812,749.0,23869600
2022-10-24,705.3018798828125,720.6500244140625,731.0,719.0,731.0,2278840
2022-10-25,695.1624755859375,710.2899780273438,724.2550048828125,709.0,724.2550048828125,9098990
2022-10-27,682.2631225585938,697.1099853515625,721.0,693.0999755859375,718.5999755859375,16414580
2022-10-28,685.761962890625,700.6849975585938,709.0,698.0,700.0,8396690
2022-10-31,699.1947021484375,714.4099731445312,714.9600219726562,704.5999755859375,709.4000244140625,8189860
2022-11-01,705.595458984375,720.9500122070312,723.5999755859375,716.0,719.6950073242188,7627420
2022-11-02,700.3789672851562,715.6199951171875,724.0,714.0050048828125,720.7000122070312,5859140
2022-11-03,696.9927368164062,712.1599731445312,719.5,709.2100219726562,710.5,6323130
2022-11-04,705.8402709960938,721.2000122070312,722.489990234375,712.1599731445312,712.1599731445312,9219250
2022-11-07,703.69189453125,719.0050048828125,725.0650024414062,711.0999755859375,724.8099975585938,7224940
2022-11-09,699.1849365234375,714.4000244140625,723.5,711.4650268554688,723.5,6896340
2022-11-10,682.6547241210938,697.510009765625,716.5,696.4550170898438,715.7999877929688,10081820
2022-11-11,690.1270751953125,705.14501953125,715.7849731445312,699.5,714.9000244140625,12333420
2022-11-14,687.6168212890625,702.5800170898438,710.7000122070312,700.10498046875,705.489990234375,8550600
2022-11-15,687.61181640625,702.5750122070312,706.239990234375,698.0999755859375,703.5150146484375,7195210
2022-11-16,674.8201293945312,689.5050048828125,703.4849853515625,685.260009765625,701.0999755859375,13362040
2022-11-17,674.8201293945312,689.5050048828125,695.0,683.2000122070312,687.0,7339440
2022-11-18,664.6857299804688,679.1500244140625,692.7999877929688,675.0,690.989990234375,13276890
2022-11-21,653.68505859375,667.9099731445312,674.7000122070312,661.0349731445312,674.7000122070312,10717480
2022-11-22,654.2674560546875,668.5050048828125,672.7750244140625,666.030029296875,668.0250244140625,9587690
2022-11-23,663.5651245117188,678.0050048828125,680.5,669.0,671.8499755859375,8936670
2022-11-24,662.713623046875,677.135009765625,683.9849853515625,673.72998046875,681.39501953125,7546110
2022-11-25,660.37939453125,674.75,677.7999877929688,667.5,677.0,8590580
2022-11-28,663.3106079101562,677.7449951171875,683.280029296875,672.85498046875,672.9000244140625,6040540
2022-11-29,659.0728149414062,673.4149780273438,680.8900146484375,672.0999755859375,677.5,6818600
2022-11-30,657.781005859375,672.094970703125,675.4199829101562,667.7999877929688,673.5,14828310
2022-12-01,660.4039916992188,674.7750244140625,677.0,670.7000122070312,675.4600219726562,9816160
2022-12-02,653.3572998046875,667.5750122070312,674.1950073242188,664.7000122070312,673.02001953125,14386020
2022-12-05,651.8598022460938,666.0449829101562,669.9000244140625,663.2000122070312,667.4550170898438,10292500
2022-12-06,655.5886840820312,669.85498046875,673.5,663.2000122070312,667.4400024414062,8409800
2022-12-07,648.409912109375,662.52001953125,672.4949951171875,660.0999755859375,672.4949951171875,9610270
2022-12-08,644.177001953125,658.1950073242188,668.0,656.0,668.0,11377840
2022-12-09,637.8644409179688,651.7449951171875,661.7999877929688,649.0,660.25,11312920
2022-12-12,636.792724609375,650.6500244140625,653.9000244140625,639.2000122070312,650.8099975585938,11000480
2022-12-13,647.9108276367188,662.010009765625,664.7999877929688,650.7000122070312,650.7000122070312,9586360
2022-12-14,651.3460693359375,665.52001953125,668.85498046875,662.6599731445312,665.7999877929688,6782830
2022-12-15,648.429443359375,662.5399780273438,671.4000244140625,660.4000244140625,663.2000122070312,8577060
2022-12-16,645.64013671875,659.6900024414062,669.530029296875,656.0,659.0,8802330
2022-12-19,654.4583740234375,668.7000122070312,670.5,659.7000122070312,660.010009765625,6595590
2022-12-20,650.1372680664062,664.2849731445312,669.885009765625,658.5,666.0,6077160
2022-12-21,638.7696533203125,652.6699829101562,669.3900146484375,650.5,669.3900146484375,6223900
2022-12-22,635.241455078125,649.0650024414062,657.5,640.7000122070312,657.0,8497060
2022-12-23,623.8836059570312,637.4600219726562,646.5999755859375,634.0050048828125,645.0,9943030
2022-12-26,629.667724609375,643.3699951171875,646.989990234375,630.0,637.4650268554688,5305350
2022-12-27,636.616455078125,650.469970703125,653.0,643.0,646.5999755859375,7810350
2022-12-28,633.8174438476562,647.6099853515625,657.0,646.405029296875,647.5,7559340
2022-12-29,637.223388671875,651.0900268554688,652.0499877929688,640.239990234375,644.0,5218800
2022-12-30,643.5164184570312,657.52001953125,671.989990234375,651.5,655.0,15202660
2023-01-02,641.4170532226562,655.375,661.0,648.4749755859375,656.5,5793400
2023-01-03,646.5552368164062,660.625,666.0,653.0,656.5,7420810
2023-01-04,643.1052856445312,657.0999755859375,663.7999877929688,655.0,659.5,6712530
2023-01-05,597.0133666992188,610.0050048828125,649.0,602.5050048828125,649.0,51023000
2023-01-06,585.3031005859375,598.0399780273438,613.9949951171875,594.1599731445312,613.0,29319220
2023-01-09,586.5706787109375,599.3350219726562,607.7999877929688,595.5,602.0,14005480
2023-01-10,577.8405151367188,590.4149780273438,601.5,587.5,599.9000244140625,11203750
2023-01-11,577.0184326171875,589.5750122070312,594.9000244140625,586.5549926757812,593.0,11088910
2023-01-12,577.27783203125,589.8400268554688,596.489990234375,585.7000122070312,590.655029296875,14769490
2023-01-13,585.0487060546875,597.780029296875,598.5,587.2000122070312,592.0,11084900
2023-01-16,588.2881469726562,601.0900268554688,607.219970703125,597.4550170898438,600.0,9083390
2023-01-17,585.7484130859375,598.4949951171875,601.9949951171875,594.0,601.9949951171875,8170050
2023-01-18,587.0892333984375,599.864990234375,604.9000244140625,598.5,600.39501953125,7962810
2023-01-19,588.43994140625,601.2449951171875,602.9650268554688,596.0650024414062,598.2999877929688,5481420
2023-01-20,573.5587158203125,586.0399780273438,601.9749755859375,583.719970703125,601.25,8330900
2023-01-23,573.813232421875,586.2999877929688,593.5,584.0999755859375,588.0999755859375,8560640
2023-01-24,573.03515625,585.5050048828125,592.0999755859375,584.2650146484375,589.2349853515625,6081450
2023-01-25,567.2461547851562,579.5900268554688,585.5050048828125,577.7000122070312,585.0050048828125,8278370
2023-01-27,563.8011474609375,576.0700073242188,586.155029296875,568.0,581.5,16213520
2023-01-30,589.3550415039062,602.1799926757812,606.6199951171875,577.0050048828125,577.0050048828125,24481600
2023-01-31,576.1033325195312,588.6400146484375,605.0,587.4000244140625,605.0,19967880
2023-02-01,569.3307495117188,581.719970703125,598.0399780273438,570.8900146484375,594.4000244140625,26348660
2023-02-02,559.5878295898438,571.7650146484375,581.9000244140625,564.5,581.9000244140625,20250440
2023-02-03,588.6160888671875,601.4249877929688,603.0,574.7050170898438,577.0,14868920
2023-02-06,597.4194946289062,610.4199829101562,612.4000244140625,595.5599975585938,600.0,10738200
2023-02-07,602.9345092773438,616.0549926757812,618.2000122070312,610.0,612.2949829101562,14721930
2023-02-08,621.637451171875,635.1649780273438,637.7000122070312,616.280029296875,616.5,19032080
2023-02-09,631.7523803710938,645.5,648.780029296875,633.5250244140625,637.489990234375,18381540
2023-02-10,629.8438720703125,643.5499877929688,652.760009765625,642.0,645.39501953125,12912820
2023-02-13,621.0355224609375,634.5499877929688,647.3150024414062,629.7050170898438,643.4949951171875,7365570
2023-02-14,632.114501953125,645.8699951171875,647.2349853515625,631.0,635.3800048828125,10340900
2023-02-15,635.1729125976562,648.9949951171875,649.5999755859375,639.72998046875,645.0,6189790
2023-02-16,630.02001953125,643.72998046875,652.4749755859375,642.0,650.5,5290480
2023-02-17,628.0040283203125,641.6699829101562,647.5800170898438,636.75,641.0,6160440
2023-02-20,623.178955078125,636.739990234375,644.35498046875,634.2999877929688,642.5,4657320
2023-02-21,624.3386840820312,637.9249877929688,640.8250122070312,635.2000122070312,639.5,4485090
2023-02-22,606.6633911132812,619.864990234375,636.0,618.5,633.0999755859375,9347000
2023-02-23,607.0254516601562,620.2349853515625,626.2449951171875,612.2650146484375,621.4000244140625,8097680
2023-02-24,610.3432006835938,623.625,628.5999755859375,620.0,625.375,6077610
2023-02-27,606.2572021484375,619.4500122070312,624.0999755859375,613.5,621.5,5950040
2023-02-28,598.192626953125,611.2100219726562,624.6599731445312,609.0,622.0,9778520
2023-03-01,602.3766479492188,615.4849853515625,620.39501953125,610.010009765625,610.010009765625,5448040
2023-03-02,595.3446044921875,608.2999877929688,620.9600219726562,607.0050048828125,616.52001953125,5822980
2023-03-03,597.0133666992188,610.0050048828125,614.0999755859375,607.2999877929688,612.1799926757812,7120370
2023-03-06,600.419189453125,613.4849853515625,618.2999877929688,612.0050048828125,614.0,6084770
2023-03-08,586.9131469726562,599.6849975585938,612.9000244140625,598.5,612.9000244140625,13427950
2023-03-09,577.5617065429688,590.1300048828125,604.0,589.010009765625,600.0,9408580
2023-03-10,574.9044189453125,587.4149780273438,588.739990234375,578.0999755859375,586.5,7708610
2023-03-13,570.930908203125,583.35498046875,594.75,581.0999755859375,586.9000244140625,7933560
2023-03-14,560.9481201171875,573.155029296875,585.0,571.614990234375,584.0,13725650
2023-03-15,559.6953735351562,571.875,582.0,570.0999755859375,580.0,6794730
2023-03-16,559.3381958007812,571.510009765625,575.5,566.5,572.969970703125,8849630
2023-03-17,561.0264892578125,573.2349853515625,581.6749877929688,568.8099975585938,574.0050048828125,10471510
2023-03-20,543.2581176757812,555.0800170898438,574.0449829101562,548.5700073242188,573.9000244140625,17127560
2023-03-21,558.8488159179688,571.010009765625,571.5,558.614990234375,560.1799926757812,11301140
2023-03-22,570.9945068359375,583.4199829101562,585.7000122070312,573.5,574.97998046875,12425340
2023-03-23,570.8819580078125,583.3049926757812,590.0,577.25,580.9500122070312,10544190
2023-03-24,552.8934326171875,564.9249877929688,582.9749755859375,562.719970703125,580.3900146484375,12780420
2023-03-27,547.3931274414062,559.3049926757812,572.5,558.4550170898438,569.7999877929688,11187430
2023-03-28,541.657958984375,553.4450073242188,562.4400024414062,552.27001953125,562.10498046875,9481360
2023-03-29,550.5396728515625,562.52001953125,564.5999755859375,555.5,556.2150268554688,11096120
2023-03-31,549.712646484375,561.6749877929688,569.4000244140625,558.6199951171875,569.4000244140625,12678280
2023-04-03,559.3333129882812,571.5050048828125,573.4000244140625,563.219970703125,565.5,7453860
2023-04-05,563.85986328125,576.1300048828125,594.7050170898438,574.3150024414062,583.2000122070312,24333290
2023-04-06,580.5857543945312,593.219970703125,595.9000244140625,570.5549926757812,576.0999755859375,17405020
2023-04-10,570.4659423828125,582.8800048828125,596.989990234375,581.0999755859375,594.4949951171875,9282570
2023-04-11,571.3419189453125,583.7750244140625,588.0,581.114990234375,585.7999877929688,8116200
2023-04-12,573.2211303710938,585.6950073242188,587.6749877929688,578.5999755859375,583.7000122070312,10230690
2023-04-13,577.8699340820312,590.4450073242188,593.7000122070312,585.0399780273438,585.6950073242188,8330060
2023-04-17,583.4485473632812,596.14501953125,599.7999877929688,590.0,599.7999877929688,6728570
2023-04-18,578.966064453125,591.5650024414062,599.4000244140625,587.0250244140625,597.5,6408890
2023-04-19,582.1077270507812,594.7750244140625,596.0,588.0,591.5650024414062,5549280
2023-04-20,578.6773071289062,591.27001953125,596.594970703125,588.614990234375,596.0,4367310
2023-04-21,581.1436157226562,593.7899780273438,594.5,582.7999877929688,591.2999877929688,6431010
2023-04-24,580.737548828125,593.375,596.469970703125,587.7000122070312,594.0,5448920
2023-04-25,594.586181640625,607.5250244140625,609.27001953125,592.8699951171875,595.989990234375,14944750
2023-04-26,592.6972045898438,605.594970703125,611.97998046875,601.3300170898438,610.0,9740070
2023-04-27,606.8004150390625,620.0050048828125,625.4450073242188,606.5999755859375,607.5,28271360
2023-04-28,614.6348266601562,628.010009765625,629.5999755859375,611.0999755859375,624.3900146484375,14896680
2023-05-02,611.6058349609375,624.9149780273438,633.4650268554688,622.47998046875,633.0,9912540
2023-05-03,604.862548828125,618.0250244140625,625.5,615.594970703125,623.8049926757812,6682510
2023-05-04,625.4153442382812,639.0250244140625,639.9000244140625,618.2150268554688,619.7000122070312,12451410
2023-05-05,625.3761596679688,638.9849853515625,644.7999877929688,633.1649780273438,637.9949951171875,11600400
2023-05-08,651.6151733398438,665.7949829101562,669.510009765625,638.7999877929688,639.4450073242188,22247350
2023-05-09,641.2702026367188,655.2249755859375,673.9849853515625,654.2000122070312,665.0,21307700
2023-05-10,649.0265502929688,663.1500244140625,666.5,652.5,659.094970703125,8353210
2023-05-11,652.1533813476562,666.344970703125,668.0,662.5,665.9000244140625,5674940
2023-05-12,657.139892578125,671.4400024414062,673.364990234375,660.469970703125,665.0,9120780
2023-05-15,656.934326171875,671.22998046875,675.0,668.5800170898438,671.4400024414062,7390760
2023-05-16,664.0103759765625,678.4600219726562,684.9000244140625,670.0,672.0,12651330
2023-05-17,656.224853515625,670.5050048828125,681.0449829101562,666.2000122070312,678.5,7407850
2023-05-18,664.480224609375,678.9400024414062,683.0650024414062,674.5150146484375,675.97998046875,11067180
2023-05-19,663.9712524414062,678.4199829101562,682.0,671.2000122070312,680.0,5928340
2023-05-22,664.8373413085938,679.3049926757812,681.7999877929688,676.1900024414062,678.4199829101562,4197920
2023-05-23,663.6140747070312,678.0549926757812,687.39501953125,675.7100219726562,681.0050048828125,7901960
2023-05-24,664.1425170898438,678.594970703125,684.85498046875,672.9749755859375,676.9000244140625,5539360
2023-05-25,669.544921875,684.114990234375,684.7999877929688,674.6099853515625,677.7999877929688,5302600
2023-05-26,675.7450561523438,690.4500122070312,692.0,684.1199951171875,684.6599731445312,6940730
2023-05-29,678.4413452148438,693.2050170898438,697.1900024414062,690.1799926757812,694.02001953125,6407280
2023-05-30,685.659423828125,700.5800170898438,701.875,693.0050048828125,694.7999877929688,8819230
2023-05-31,684.0983276367188,698.9849853515625,702.5999755859375,692.72998046875,700.489990234375,21476270
2023-06-01,689.0553588867188,704.0499877929688,705.72998046875,695.1099853515625,702.4000244140625,5900260
2023-06-02,687.4307861328125,702.3900146484375,710.0,700.5,707.5750122070312,6642090
2023-06-05,689.3196411132812,704.3200073242188,709.1599731445312,701.3049926757812,707.0,5771620
2023-06-06,696.2440185546875,711.39501953125,713.2000122070312,702.5,702.5,6905860
2023-06-07,692.9163818359375,707.9949951171875,714.0999755859375,706.2000122070312,712.0,5344830
2023-06-08,686.0801391601562,701.010009765625,711.0999755859375,699.5150146484375,708.0,4553600
2023-06-09,688.7275390625,703.7150268554688,708.25,701.2050170898438,701.2750244140625,4473610
2023-06-12,694.653564453125,709.77001953125,711.0,704.1599731445312,705.0150146484375,5132550
2023-06-13,701.4114379882812,716.6749877929688,720.0,710.0,710.0,8001340
2023-06-14,694.5703735351562,709.6849975585938,718.2000122070312,708.2050170898438,718.2000122070312,4015200
2023-06-15,697.48193359375,712.6599731445312,714.1699829101562,705.5999755859375,709.5,4370180
2023-06-16,704.9788818359375,720.3200073242188,721.8599853515625,713.0999755859375,717.0,14148580
2023-06-19,722.88916015625,738.6199951171875,739.885009765625,720.2249755859375,721.1950073242188,11845900
2023-06-20,709.4418334960938,724.8800048828125,737.614990234375,720.0999755859375,737.614990234375,8638260
2023-06-21,705.267578125,720.614990234375,728.5900268554688,717.7000122070312,727.5,5468040
2023-06-22,688.0277709960938,703.0,720.4149780273438,702.0,720.010009765625,8271940
2023-06-23,684.0787353515625,698.9650268554688,705.5,695.6099853515625,702.094970703125,8152260
2023-06-26,684.9644165039062,699.8699951171875,703.5,694.5,699.0,5635390
2023-06-27,686.9755859375,701.9249877929688,703.0,695.4000244140625,703.0,7097890
2023-06-28,693.9196166992188,709.02001953125,712.5,704.0,705.4349975585938,7097820
2023-06-30,703.7875366210938,716.0599975585938,719.5,709.1199951171875,710.0,8879080
2023-07-03,720.7319946289062,733.2999877929688,735.5,716.0,716.0599975585938,12092270
2023-07-04,772.5730590820312,786.0449829101562,792.0,761.2650146484375,765.0,41622080
2023-07-05,770.4403076171875,783.875,799.989990234375,778.0,787.9949951171875,19786660
2023-07-06,763.314453125,776.625,782.4000244140625,773.5,777.5999755859375,10459840
2023-07-07,749.171142578125,762.2349853515625,774.8900146484375,760.5599975585938,772.0,10949150
2023-07-10,740.4137573242188,753.3250122070312,762.9949951171875,743.22998046875,762.2349853515625,14515180
2023-07-11,731.6417846679688,744.4000244140625,768.0,738.0999755859375,756.7000122070312,16750430
2023-07-12,730.4573974609375,743.1950073242188,750.7999877929688,739.8150024414062,746.989990234375,11317550
2023-07-13,734.6492919921875,747.4600219726562,752.2899780273438,741.5999755859375,746.9949951171875,7470520
2023-07-14,735.4110107421875,748.2349853515625,751.8900146484375,739.989990234375,747.4000244140625,7266000
2023-07-17,738.221923828125,751.094970703125,754.2000122070312,744.2000122070312,752.0,5067440
2023-07-18,729.2828979492188,742.0,755.5,737.3099975585938,752.0,13097090
2023-07-19,745.4705810546875,758.469970703125,759.9000244140625,743.0,744.1950073242188,9759430
2023-07-20,746.6401977539062,759.6599731445312,763.7150268554688,750.2000122070312,755.0999755859375,6494360
2023-07-21,745.1807250976562,758.1749877929688,765.77001953125,753.3099975585938,759.6599731445312,6733940
2023-07-24,745.1659545898438,758.1599731445312,764.47998046875,756.0349731445312,758.1649780273438,5843420
2023-07-25,747.6083374023438,760.64501953125,764.9400024414062,754.10498046875,764.9400024414062,8508690
2023-07-26,730.5753173828125,743.3150024414062,773.4000244140625,733.0999755859375,763.5,22288660
2023-07-27,715.92578125,728.4099731445312,757.7899780273438,726.77001953125,757.7899780273438,21471720
2023-07-28,725.5086669921875,738.1599731445312,739.4600219726562,721.0,731.9000244140625,10070500
2023-07-31,717.51806640625,730.030029296875,736.989990234375,728.10498046875,734.5,7493150
2023-08-01,714.5105590820312,726.969970703125,733.0,724.4000244140625,730.030029296875,7527650
2023-08-02,707.9990234375,720.344970703125,729.0,714.5,729.0,8985360
2023-08-03,698.6520385742188,710.8350219726562,722.4299926757812,701.8049926757812,717.5,10818980
2023-08-04,702.6178588867188,714.8699951171875,720.5,707.1300048828125,713.9000244140625,7313490
2023-08-07,700.0084228515625,712.2150268554688,718.2750244140625,707.1599731445312,716.2000122070312,7184090
2023-08-08,705.065185546875,717.3599853515625,720.5,708.5150146484375,713.5,8073620
2023-08-09,700.3228759765625,712.5349731445312,721.4000244140625,709.0,720.0,5115720
2023-08-10,702.1412353515625,714.385009765625,717.4000244140625,709.2000122070312,710.0050048828125,6161300
2023-08-11,693.9588623046875,706.0599975585938,715.9000244140625,703.10498046875,714.385009765625,6303960
2023-08-14,689.77685546875,701.8049926757812,705.8900146484375,694.0549926757812,704.0,6937850
2023-08-16,686.1845092773438,698.1500244140625,699.4000244140625,692.0,699.4000244140625,5987950
2023-08-17,680.459228515625,692.3250122070312,702.0,690.2999877929688,702.0,7101180
2023-08-18,674.4490966796875,686.2100219726562,691.5800170898438,684.5,689.3499755859375,7455330
2023-08-21,692.7401123046875,704.8200073242188,706.2999877929688,680.0999755859375,680.0999755859375,12308310
2023-08-22,694.8778686523438,706.9949951171875,715.3499755859375,705.0,705.10498046875,12487800
2023-08-23,699.4481811523438,711.64501953125,714.9000244140625,700.2999877929688,710.0,8032480
2023-08-24,701.5121459960938,713.7449951171875,718.594970703125,712.0999755859375,715.0,9103600
2023-08-25,708.790283203125,721.1500244140625,727.8099975585938,710.0999755859375,711.5,13032760
2023-08-28,711.158935546875,723.5599975585938,726.0999755859375,713.8099975585938,722.4949951171875,7036260
2023-08-29,716.8350219726562,729.3350219726562,731.094970703125,723.5999755859375,725.0,14183050
2023-08-30,714.353271484375,726.8099975585938,733.0900268554688,725.7999877929688,732.5999755859375,4602680
2023-08-31,704.0233764648438,716.2999877929688,728.5,713.5,728.0,14129800
2023-09-01,719.5133056640625,732.0599975585938,732.9400024414062,715.5,716.85498046875,6760760
2023-09-04,714.5645141601562,727.0250244140625,737.0,725.8400268554688,737.0,5813630
2023-09-05,721.9213256835938,734.510009765625,735.844970703125,728.0,728.2999877929688,12213530
2023-09-06,726.1181640625,738.780029296875,739.7000122070312,729.0700073242188,731.530029296875,6051570
2023-09-07,723.7002563476562,736.3200073242188,738.780029296875,730.3699951171875,738.0,5496220
2023-09-08,728.3639526367188,741.0650024414062,744.9949951171875,737.0,739.0,6246420
2023-09-11,726.4964599609375,739.1649780273438,744.4000244140625,736.2000122070312,742.5,4068490
2023-09-12,730.3935546875,743.1300048828125,745.9000244140625,730.5499877929688,742.0999755859375,9635170
2023-09-13,734.7772216796875,747.5900268554688,750.8250122070312,738.0650024414062,742.9299926757812,5798460
2023-09-14,736.5855102539062,749.4299926757812,751.1699829101562,742.7050170898438,747.5900268554688,6503720
2023-09-15,736.379150390625,749.219970703125,756.5150146484375,745.5549926757812,749.9000244140625,7874940
2023-09-18,741.9274291992188,754.864990234375,756.0,746.5,748.8900146484375,7066180
2023-09-20,740.97900390625,753.9000244140625,764.7000122070312,748.2999877929688,748.864990234375,8441900
2023-09-21,735.5928955078125,748.4199829101562,758.364990234375,742.5,753.0,6757250
2023-09-22,734.3299560546875,747.135009765625,757.7000122070312,745.3599853515625,749.39501953125,5263040
2023-09-25,768.5825805664062,781.9849853515625,784.989990234375,751.0,757.5,23475330
2023-09-26,773.5755615234375,787.0650024414062,789.9949951171875,777.5,781.989990234375,12468200
2023-09-27,770.322265625,783.7550048828125,785.5,774.2750244140625,785.5,7441100
2023-09-28,760.6361694335938,773.9000244140625,782.9000244140625,771.8049926757812,780.4749755859375,7775050
2023-09-29,767.688232421875,781.0750122070312,784.7999877929688,772.5,773.9000244140625,5730050
2023-10-03,783.1043701171875,796.760009765625,797.5499877929688,775.5,778.0800170898438,9445550
2023-10-04,771.9440307617188,785.405029296875,804.2999877929688,782.0,802.5,11763840
2023-10-05,771.6343994140625,785.0900268554688,791.4849853515625,782.6900024414062,791.4849853515625,7950610
2023-10-06,802.8548583984375,816.85498046875,819.2000122070312,784.5,785.0,21450340
2023-10-09,789.0114135742188,802.77001953125,813.5,801.7999877929688,810.2050170898438,7478000
2023-10-10,794.505615234375,808.3599853515625,813.5,802.0999755859375,805.5,9650240
2023-10-11,796.3091430664062,810.1950073242188,817.2999877929688,809.5449829101562,813.97998046875,7123720
2023-10-12,787.6943359375,801.4299926757812,812.7000122070312,800.2999877929688,812.5,7640920
2023-10-13,791.3652954101562,805.1649780273438,808.2899780273438,795.60498046875,799.9550170898438,6622820
2023-10-16,789.8271484375,803.5999755859375,806.9000244140625,798.2650146484375,804.4299926757812,4382460
2023-10-17,795.429443359375,809.2999877929688,815.9000244140625,805.7550048828125,808.0,8382830
2023-10-18,773.172607421875,786.655029296875,808.4600219726562,785.0,805.0,15446420
2023-10-19,770.7154541015625,784.155029296875,792.2999877929688,773.0999755859375,784.3300170898438,10614530
2023-10-20,763.6044311523438,776.9199829101562,783.2349853515625,772.25,781.0,7711530
2023-10-23,766.5235595703125,779.8900146484375,788.489990234375,776.135009765625,780.0,8822300
2023-10-25,756.2575073242188,769.4450073242188,785.6950073242188,767.5999755859375,779.8900146484375,7087740
2023-10-26,729.4598388671875,742.1799926757812,765.5999755859375,740.1199951171875,762.510009765625,13246300
2023-10-27,737.8534545898438,750.719970703125,754.9000244140625,741.6599731445312,750.9949951171875,9119440
2023-10-30,737.445556640625,750.3049926757812,752.6849975585938,735.25,750.5800170898438,7992760
2023-10-31,736.4234008789062,749.2650146484375,757.969970703125,746.0499877929688,756.97998046875,7494100
2023-11-01,734.3839111328125,747.1900024414062,754.9000244140625,745.7650146484375,752.0,4627780
2023-11-02,732.14306640625,744.9099731445312,761.5,741.1199951171875,753.0,8550300
2023-11-03,728.4474487304688,741.1500244140625,753.7949829101562,737.2449951171875,752.7999877929688,11387550
2023-11-06,743.2444458007812,756.2050170898438,757.1950073242188,744.260009765625,745.5999755859375,6340430
2023-11-07,736.7133178710938,749.5599975585938,764.0,744.5999755859375,764.0,15630070
2023-11-08,733.20947265625,745.9949951171875,753.5999755859375,740.6649780273438,752.7000122070312,9167170
2023-11-09,726.0099487304688,738.6699829101562,748.5,736.6699829101562,748.5,7717910
2023-11-10,731.7203369140625,744.47998046875,745.4000244140625,734.64501953125,737.0,4962610
2023-11-13,723.4693603515625,736.0850219726562,745.0,731.9000244140625,744.780029296875,7322400
2023-11-15,710.04833984375,722.4299926757812,747.6199951171875,711.9149780273438,743.9400024414062,19234400
2023-11-16,723.6265258789062,736.2449951171875,738.0700073242188,693.125,694.4550170898438,45570430
2023-11-17,709.7239379882812,722.0999755859375,726.0,710.8049926757812,714.0499877929688,20800340
2023-11-20,694.7451171875,706.8599853515625,723.9000244140625,705.010009765625,715.0999755859375,19029400
2023-11-21,698.1409301757812,710.3150024414062,712.885009765625,703.0,708.5,16662250
2023-11-22,700.6177978515625,712.8350219726562,717.7849731445312,706.5499877929688,708.64501953125,10414040
2023-11-23,695.2415161132812,707.364990234375,716.0,705.5999755859375,713.5,6061580
2023-11-24,690.047119140625,702.0800170898438,711.6799926757812,701.0999755859375,710.7999877929688,7264990
2023-11-28,700.5391845703125,712.7550048828125,713.5,702.989990234375,703.5,7281580
2023-11-29,700.7897338867188,713.010009765625,716.8599853515625,711.405029296875,713.4000244140625,6824300
2023-11-30,699.9838256835938,712.1900024414062,716.3599853515625,708.5650024414062,713.2000122070312,12719340
2023-12-01,713.4932250976562,725.9349975585938,727.9849853515625,714.2000122070312,716.0,9004770
2023-12-04,728.069091796875,740.7650146484375,742.0,731.5050048828125,734.0,11014260
2023-12-05,722.3831787109375,734.97998046875,744.0,732.0050048828125,743.0,15222420
2023-12-06,729.9807739257812,742.7100219726562,745.9000244140625,736.5050048828125,739.0,7018000
2023-12-07,726.4522705078125,739.1199951171875,744.0,732.5999755859375,739.0,6688620
2023-12-08,718.2355346679688,730.760009765625,739.8099975585938,727.4000244140625,739.0549926757812,11443880
2023-12-11,716.7760009765625,729.2750244140625,735.27001953125,727.0050048828125,732.5,5900550
2023-12-12,718.9186401367188,731.4550170898438,735.4000244140625,728.0,728.0,6333120
2023-12-13,713.3604736328125,725.7999877929688,730.4500122070312,720.7000122070312,729.9849853515625,6829550
2023-12-14,734.6099853515625,747.4199829101562,751.125,730.010009765625,736.8499755859375,17295670
2023-12-15,738.625,751.5050048828125,752.8900146484375,744.5,752.885009765625,11739380
2023-12-18,745.7557373046875,758.760009765625,761.0,752.5999755859375,754.7999877929688,10827980
2023-12-19,750.1834716796875,763.2650146484375,764.1599731445312,753.5,764.0999755859375,7914080
2023-12-20,736.5512084960938,749.39501953125,769.5,746.0150146484375,765.0,8745460
2023-12-21,724.0885009765625,736.7150268554688,747.7000122070312,730.5499877929688,742.6599731445312,9130820
2023-12-22,717.0266723632812,729.530029296875,744.0,724.2999877929688,741.89501953125,11294850
2023-12-26,703.95458984375,716.22998046875,734.4000244140625,714.5250244140625,732.5,12258440
2023-12-27,710.8837890625,723.280029296875,732.3400268554688,719.0900268554688,721.989990234375,16052790
2023-12-28,713.4244384765625,725.864990234375,729.0,720.0,727.5,18560640
2023-12-29,720.2160034179688,732.7750244140625,734.2999877929688,720.5150146484375,723.1649780273438,9128020
2024-01-01,717.3952026367188,729.905029296875,733.6950073242188,727.2999877929688,733.6950073242188,3314890
2024-01-02,730.2706909179688,743.0050048828125,744.510009765625,728.0050048828125,732.4000244140625,11129900
2024-01-03,725.8231811523438,738.47998046875,748.5850219726562,736.8200073242188,744.4949951171875,5534050
2024-01-04,757.3485107421875,770.5549926757812,773.39501953125,756.0,756.0,29118790
2024-01-05,757.89892578125,771.114990234375,778.9000244140625,767.3099975585938,773.4949951171875,10526010
2024-01-08,760.3412475585938,773.5999755859375,783.0,763.1300048828125,767.7000122070312,11212090
2024-01-09,759.3043212890625,772.5449829101562,781.0,769.7999877929688,777.4000244140625,12470830
2024-01-10,754.891357421875,768.0549926757812,773.5250244140625,766.0,771.5999755859375,5590720
2024-01-11,753.829833984375,766.9749755859375,779.3300170898438,765.10498046875,768.0,6517410
2024-01-12,752.9747314453125,766.10498046875,771.89501953125,761.7000122070312,768.4000244140625,8086380
2024-01-15,734.9835205078125,747.7999877929688,769.7949829101562,745.4000244140625,769.7949829101562,9972200
2024-01-16,732.885009765625,745.6649780273438,761.4500122070312,742.7899780273438,747.5,11947230
2024-01-17,723.272705078125,735.885009765625,747.8200073242188,730.219970703125,730.3300170898438,13802710
2024-01-18,714.1026000976562,726.5549926757812,735.1749877929688,723.4000244140625,729.5999755859375,16869960
2024-01-19,719.3658447265625,731.9099731445312,738.8800048828125,726.125,736.0,8308100
2024-01-23,694.9515380859375,707.0700073242188,735.5,704.260009765625,735.2899780273438,25332970
2024-01-24,693.4380493164062,705.530029296875,710.4000244140625,699.6799926757812,710.4000244140625,20636750
2024-01-25,696.4061889648438,708.5499877929688,712.5800170898438,703.5999755859375,705.530029296875,11683490
2024-01-29,706.8392333984375,719.1649780273438,722.4949951171875,708.510009765625,708.5499877929688,18603610
2024-01-30,670.0360717773438,681.719970703125,698.8499755859375,680.5,698.8499755859375,41531470
2024-01-31,674.5276489257812,686.2899780273438,692.0999755859375,681.2000122070312,682.0,18105120
2024-02-01,662.7727661132812,674.3300170898438,687.9949951171875,673.2999877929688,686.5900268554688,19111370
2024-02-02,673.0927124023438,684.8300170898438,691.0,675.2999877929688,675.5,13675080
2024-02-05,649.4942626953125,660.8200073242188,689.5,660.0,689.4000244140625,17712220
2024-02-06,648.5065307617188,659.8150024414062,669.9000244140625,653.5,664.7999877929688,24395330
2024-02-07,659.4212036132812,670.9199829101562,673.760009765625,662.5250244140625,664.0999755859375,15382370
2024-02-08,646.2950439453125,657.5650024414062,673.75,653.6699829101562,673.1849975585938,21932090
2024-02-09,654.044921875,665.4500122070312,667.77001953125,657.2000122070312,658.0,12098740
2024-02-12,645.6561889648438,656.9149780273438,667.1849975585938,655.1500244140625,666.9450073242188,5447840
2024-02-13,649.0469970703125,660.364990234375,663.9000244140625,655.3099975585938,660.0,9480140
2024-02-14,653.2586669921875,664.6500244140625,665.5999755859375,655.0,656.385009765625,6361260
2024-02-15,650.5950317382812,661.9400024414062,667.739990234375,658.5650024414062,664.5999755859375,8808590
2024-02-16,650.5753784179688,661.9199829101562,666.0,660.2000122070312,665.0050048828125,10294310
2024-02-19,659.7750854492188,671.280029296875,680.6900024414062,662.530029296875,664.8900146484375,13158810
2024-02-20,664.7679443359375,676.3599853515625,679.2000122070312,668.125,671.1900024414062,11067090
2024-02-21,657.4161376953125,668.8800048828125,679.0,666.5050048828125,679.0,8549440
2024-02-22,656.0548706054688,667.4949951171875,670.6849975585938,656.0999755859375,669.10498046875,10223740
2024-02-23,658.3056640625,669.7849731445312,671.9000244140625,663.260009765625,667.4000244140625,12803110
2024-02-26,652.939208984375,664.3250122070312,670.7999877929688,662.4199829101562,669.0,8920560
2024-02-27,644.3882446289062,655.625,664.2000122070312,649.1099853515625,663.0999755859375,11503060
2024-02-28,638.7318725585938,649.8699951171875,659.6749877929688,647.5,657.2000122070312,5353210
2024-02-29,638.4027099609375,649.5349731445312,653.9000244140625,636.6199951171875,649.9000244140625,16990980
2024-03-01,645.8822631835938,657.14501953125,660.8699951171875,650.2100219726562,651.1749877929688,9190800
2024-03-04,648.9291381835938,660.2449951171875,663.9949951171875,655.7449951171875,658.7999877929688,3971180
2024-03-05,621.5859375,632.4249877929688,663.625,627.2000122070312,660.2449951171875,17175580
2024-03-06,620.3082275390625,631.125,634.5900268554688,618.780029296875,633.25,21047920
2024-03-07,631.0999755859375,642.10498046875,646.8599853515625,632.5399780273438,635.0,14694210
2024-03-11,632.3482666015625,643.375,655.2000122070312,640.4000244140625,655.0,12039710
2024-03-12,632.5742797851562,643.60498046875,648.5,634.135009765625,640.5,10946770
2024-03-13,634.5498657226562,645.614990234375,651.4949951171875,639.155029296875,643.9249877929688,11321830
2024-03-14,628.7803955078125,639.7449951171875,647.0,629.780029296875,645.614990234375,12198650
2024-03-15,640.2701416015625,651.4349975585938,657.7999877929688,636.0,637.5050048828125,19705000
2024-03-18,639.3167114257812,650.4650268554688,655.5,645.6099853515625,651.4349975585938,6764250
2024-03-19,648.3197021484375,659.625,666.719970703125,650.5,650.969970703125,14080870
2024-03-20,653.5534057617188,664.9500122070312,673.0999755859375,660.5999755859375,661.0,14908310
2024-03-21,660.0648803710938,671.5750122070312,677.1649780273438,665.7150268554688,670.75,18060920
2024-03-22,664.5026245117188,676.0900268554688,680.2999877929688,668.6300048828125,670.5,11252380
2024-03-26,679.1668090820312,691.010009765625,694.5,674.5,675.4500122070312,18503210
2024-03-27,690.23876953125,702.2750244140625,704.9000244140625,690.5,694.5750122070312,15512750
2024-03-28,712.1073608398438,724.5250244140625,734.9299926757812,703.2100219726562,703.2100219726562,35745180
2024-04-01,712.6676635742188,725.094970703125,734.344970703125,722.0050048828125,726.125,11252380
2024-04-02,708.3872680664062,720.739990234375,725.5,713.5,725.094970703125,9676150
2024-04-03,718.397705078125,730.9249877929688,732.3350219726562,718.614990234375,719.7000122070312,9589430
2024-04-04,715.8569946289062,728.3400268554688,735.0,725.5,734.5,10405890
2024-04-05,705.2667236328125,717.5650024414062,725.9000244140625,715.5999755859375,723.4749755859375,12004940
2024-04-08,705.5517578125,717.85498046875,722.6950073242188,714.280029296875,721.5,5182100
2024-04-09,707.0309448242188,719.3599853515625,723.5349731445312,712.4500122070312,722.0,7102810
2024-04-10,710.6331787109375,723.0250244140625,725.4000244140625,716.0,723.5900268554688,5679860
2024-04-12,710.5643310546875,722.9550170898438,726.4000244140625,715.6300048828125,722.4000244140625,10925880
2024-04-15,695.4971313476562,707.625,719.8800048828125,706.344970703125,714.5050048828125,7584480
2024-04-16,683.506103515625,695.4249877929688,703.4299926757812,693.0999755859375,700.9949951171875,9632930
2024-04-18,677.505859375,689.3200073242188,699.5,686.5999755859375,692.8099975585938,13851330
2024-04-19,699.7479248046875,711.9500122070312,715.0,681.0050048828125,684.0050048828125,12183750
2024-04-22,716.721923828125,729.219970703125,730.5999755859375,716.72998046875,716.72998046875,11652720
2024-04-23,713.5472412109375,725.989990234375,733.989990234375,723.6799926757812,730.9000244140625,10815670
2024-04-24,720.3536376953125,732.9149780273438,741.9450073242188,725.0,728.2999877929688,8869290
2024-04-25,716.9873046875,729.489990234375,736.4849853515625,712.510009765625,733.0,11733540
2024-04-26,661.5833740234375,673.1199951171875,700.0,669.1500244140625,700.0,58147230
2024-04-29,670.9598999023438,682.6599731445312,683.9600219726562,671.3049926757812,678.9949951171875,16810300
2024-04-30,680.48876953125,692.35498046875,697.5,682.1950073242188,682.9949951171875,17986750
2024-05-02,676.4738159179688,688.27001953125,696.9949951171875,686.5,693.7849731445312,11395720
2024-05-03,681.2702026367188,693.1500244140625,740.0,690.6950073242188,732.9000244140625,68186010
2024-05-06,674.2279663085938,685.9849853515625,701.9949951171875,684.5,700.7949829101562,12299880
2024-05-07,675.4761352539062,687.2550048828125,694.3099975585938,678.7999877929688,688.9949951171875,12981260
2024-05-08,668.2914428710938,679.9450073242188,687.9550170898438,678.5,687.1500244140625,7259250
2024-05-09,649.1945190429688,660.5150146484375,683.27001953125,658.5,679.989990234375,13811150
2024-05-10,656.9590454101562,668.4149780273438,669.7999877929688,660.1199951171875,663.8900146484375,8249080
2024-05-13,660.3598022460938,671.875,674.4299926757812,662.0,668.4000244140625,5122560
2024-05-14,656.1285400390625,667.5700073242188,674.1849975585938,665.760009765625,671.0,7558400
2024-05-15,656.5511474609375,668.0,673.1950073242188,664.5050048828125,669.2000122070312,5950590
2024-05-16,663.151123046875,674.7150268554688,676.2100219726562,662.3049926757812,670.0349731445312,10598510
2024-05-17,661.2099609375,672.739990234375,678.0,670.10498046875,674.7000122070312,4801580
2024-05-21,662.7284545898438,674.2849731445312,678.5,670.5,670.5,7616240
2024-05-22,662.8955688476562,674.4550170898438,677.7449951171875,672.7249755859375,677.7449951171875,4160460
2024-05-23,670.96484375,682.6649780273438,685.3499755859375,673.0050048828125,675.9550170898438,7093170
2024-05-24,671.9722900390625,683.6900024414062,691.0,679.2999877929688,682.0,7420430
2024-05-27,677.7318725585938,689.5499877929688,695.9550170898438,681.0,685.9000244140625,6554710
2024-05-28,675.5252685546875,687.3049926757812,694.5,685.6900024414062,691.39501953125,7528670
2024-05-29,669.0040283203125,680.6699829101562,690.7999877929688,678.5349731445312,687.7999877929688,7213310
2024-05-30,650.30517578125,661.64501953125,679.89501953125,659.405029296875,677.989990234375,11555750
2024-05-31,658.2908935546875,669.77001953125,677.1950073242188,664.239990234375,666.4949951171875,28417330
2024-06-03,679.7024536132812,691.5549926757812,698.8699951171875,683.2949829101562,694.885009765625,11482120
2024-06-04,639.79833984375,650.9550170898438,691.594970703125,637.5700073242188,691.594970703125,32993870
2024-06-05,671.9476928710938,683.6649780273438,686.2000122070312,653.5549926757812,660.4000244140625,12185170
2024-06-06,680.7099609375,692.5800170898438,701.2949829101562,682.22998046875,685.0,14657160
2024-06-07,706.8147583007812,719.1400146484375,729.9000244140625,694.0999755859375,699.5,29840520
2024-06-10,696.7354736328125,708.885009765625,725.0,707.5250244140625,725.0,8723180
2024-06-11,701.5760498046875,713.8099975585938,716.9000244140625,705.0999755859375,708.2999877929688,12052130
2024-06-12,709.4046020507812,721.7750244140625,727.7000122070312,711.5,714.7999877929688,12685080
2024-06-13,716.9922485351562,729.4949951171875,732.5,723.2150268554688,725.219970703125,13454950
2024-06-14,721.5723876953125,734.155029296875,737.0,724.7000122070312,729.60498046875,11874880
2024-06-18,720.8990478515625,733.469970703125,742.9450073242188,730.0,736.5,9469040
2024-06-19,710.996826171875,723.39501953125,734.89501953125,717.7899780273438,733.469970703125,5204000
2024-06-20,708.3577880859375,720.7100219726562,726.489990234375,711.0999755859375,722.0,9001580
2024-06-21,704.7177734375,713.4249877929688,726.5,707.5,723.9299926757812,14998180
2024-06-24,699.5416870117188,708.1849975585938,710.6950073242188,702.0549926757812,707.5999755859375,6356540
2024-06-25,698.8107299804688,707.4450073242188,714.0,699.7999877929688,710.0999755859375,15608110
2024-06-26,707.0835571289062,715.8200073242188,717.9249877929688,703.5,707.0,9125520
2024-06-27,707.9280395507812,716.6749877929688,723.9000244140625,708.3049926757812,715.0,11376060
2024-06-28,702.8705444335938,711.5549926757812,722.5999755859375,710.530029296875,716.5,8295840
2024-07-01,718.7938232421875,727.6749877929688,730.4000244140625,707.5,707.5,7727450
2024-07-02,707.8145141601562,716.5599975585938,727.594970703125,712.2000122070312,727.5,12810270
2024-07-03,717.020751953125,725.8800048828125,728.4650268554688,717.0,718.9949951171875,8363930
2024-07-04,702.031005859375,710.7050170898438,732.5,710.0,730.10498046875,18979770
2024-07-05,705.0881958007812,713.7999877929688,714.989990234375,707.7000122070312,713.4000244140625,9310790
2024-07-08,701.1617431640625,709.8250122070312,714.7650146484375,704.7000122070312,714.4949951171875,6777050
2024-07-09,698.1785888671875,706.8049926757812,714.239990234375,704.2000122070312,710.9849853515625,9735030
2024-07-10,696.884521484375,705.4949951171875,712.9349975585938,702.0999755859375,706.7999877929688,8097140
2024-07-11,686.5473022460938,695.030029296875,708.7899780273438,693.0,708.7899780273438,9718010
2024-07-12,691.88134765625,700.4299926757812,704.5,691.5050048828125,699.6950073242188,10688330
2024-07-15,697.7537841796875,706.375,708.5,699.5250244140625,702.0050048828125,5333730
2024-07-16,697.29443359375,705.9099731445312,709.0,700.52001953125,708.0,5582000
2024-07-18,702.3223266601562,711.0,711.7899780273438,697.114990234375,704.7100219726562,8646050
2024-07-19,684.7691650390625,693.22998046875,711.0,691.0,711.0,9385980
2024-07-22,680.0228881835938,688.4249877929688,695.8599853515625,684.9400024414062,693.2000122070312,5751930
2024-07-23,664.4996948242188,672.7100219726562,694.4849853515625,662.0,693.4000244140625,19322120
2024-07-24,652.6510620117188,660.7150268554688,665.469970703125,654.10498046875,663.0,31006260
2024-07-25,656.6615600585938,664.7750244140625,666.5999755859375,655.14501953125,656.0,9509650
2024-07-26,670.6881713867188,678.9749755859375,680.8400268554688,666.7100219726562,667.5050048828125,11101840
2024-07-29,672.9304809570312,681.2449951171875,685.5,676.5750122070312,682.385009765625,7485650
2024-07-30,674.0319213867188,682.3599853515625,689.9000244140625,678.2999877929688,681.2449951171875,11794130
2024-07-31,672.38720703125,680.6950073242188,685.5,679.2999877929688,682.6950073242188,8896590
2024-08-01,668.9002685546875,677.1649780273438,684.4000244140625,675.0,683.1500244140625,8395230
2024-08-02,664.292236328125,672.5,675.0,667.3099975585938,672.5,6222180
2024-08-05,651.6187744140625,659.6699829101562,665.0,653.260009765625,665.0,9440410
2024-08-06,645.8551025390625,653.8350219726562,669.7000122070312,651.1500244140625,662.5999755859375,8918280
2024-08-07,655.6144409179688,663.7150268554688,665.9349975585938,658.1099853515625,660.0,4642840
2024-08-08,650.1864624023438,658.219970703125,667.8049926757812,657.135009765625,662.5050048828125,6903890
2024-08-09,653.7425537109375,661.8200073242188,670.0,659.0999755859375,670.0,6994900
2024-08-12,652.7498168945312,660.8150024414062,664.5,656.405029296875,661.9099731445312,6748870
2024-08-13,638.614501953125,646.5050048828125,664.4949951171875,645.219970703125,664.4949951171875,10723270
2024-08-14,637.9674682617188,645.8499755859375,648.9949951171875,643.094970703125,648.25,7742760
2024-08-16,651.0458984375,659.0900268554688,660.0,642.5,650.5,7534190
2024-08-19,653.5598754882812,661.635009765625,665.5999755859375,659.3599853515625,663.7999877929688,5287300
2024-08-20,664.015625,672.219970703125,677.3900146484375,661.635009765625,664.7349853515625,9571590
2024-08-21,665.3145751953125,673.5349731445312,674.72998046875,669.5,672.1950073242188,6331110
2024-08-22,666.1295166015625,674.3599853515625,676.5,672.3900146484375,675.0,7282600
2024-08-23,665.364013671875,673.5850219726562,676.2000122070312,670.4949951171875,675.5,6180450
2024-08-26,669.5621337890625,677.8350219726562,681.9000244140625,675.60498046875,677.5999755859375,8983430
2024-08-27,677.9830322265625,686.3599853515625,687.3350219726562,673.0,677.8350219726562,20359020
2024-08-28,681.5786743164062,690.0,691.7000122070312,685.2000122070312,687.5999755859375,8489860
2024-08-29,697.7339477539062,706.35498046875,715.7999877929688,688.155029296875,688.905029296875,26391590
2024-08-30,711.2273559570312,720.0150146484375,721.5050048828125,707.10498046875,707.10498046875,20443670
2024-09-02,734.9244995117188,744.0050048828125,745.0,722.9000244140625,727.4000244140625,22963780
2024-09-03,726.40478515625,735.3800048828125,746.0,720.6099853515625,746.0,18986560
2024-09-04,721.0410766601562,729.9500122070312,737.7000122070312,724.5250244140625,725.4949951171875,8867460
2024-09-05,715.647705078125,724.489990234375,732.6649780273438,719.2999877929688,732.0,6734470
2024-09-06,722.7845458984375,731.7150268554688,739.5,725.5549926757812,725.5549926757812,18428270
2024-09-09,725.7775268554688,734.7449951171875,737.7949829101562,726.280029296875,732.4000244140625,8789380
2024-09-10,715.346435546875,724.1849975585938,736.9949951171875,719.2999877929688,736.9949951171875,13089320
2024-09-11,725.5899047851562,734.5549926757812,743.2000122070312,720.6300048828125,725.0,11048900
2024-09-12,733.7638549804688,742.8300170898438,744.0,729.6599731445312,742.0,14467640
2024-09-13,750.5761108398438,759.8499755859375,766.0,735.2000122070312,742.8300170898438,22084380
2024-09-16,725.609619140625,734.5750122070312,768.0,732.2000122070312,768.0,26795550
2024-09-17,727.5604858398438,736.5499877929688,745.5,728.614990234375,733.75,15677860
2024-09-18,753.7963256835938,763.1099853515625,767.25,737.8499755859375,738.7249755859375,29749930
2024-09-19,749.7710571289062,759.0349731445312,774.7999877929688,756.0,767.5,17206440
2024-09-20,748.99072265625,758.2449951171875,765.5,748.7249755859375,763.5,16450040
2024-09-23,750.2402954101562,759.510009765625,763.594970703125,753.1699829101562,762.5750122070312,5734970
2024-09-24,746.2001953125,755.4199829101562,760.344970703125,748.3900146484375,759.7000122070312,10695400
2024-09-25,753.0851440429688,762.3900146484375,764.0,749.8049926757812,754.5,12720380
2024-09-26,767.35888671875,776.8400268554688,777.9400024414062,758.7550048828125,764.0,16681650
2024-09-27,766.1339111328125,775.5999755859375,781.0,771.0999755859375,778.0,11781310
2024-09-30,760.8986206054688,770.2999877929688,782.4000244140625,767.614990234375,774.5999755859375,9619520
2024-10-01,760.8986206054688,770.2999877929688,781.4650268554688,765.0999755859375,766.010009765625,7882880
2024-10-03,734.3120727539062,743.385009765625,770.0,738.0999755859375,761.0,10406620
2024-10-04,712.3336791992188,721.135009765625,743.0,715.5,742.0,17681110
2024-10-07,718.0678100585938,726.9400024414062,732.4000244140625,719.030029296875,721.135009765625,9362270
2024-10-08,709.9234619140625,718.6950073242188,729.5399780273438,716.0050048828125,726.4849853515625,9038050
2024-10-09,721.1348876953125,730.0449829101562,742.6799926757812,720.6099853515625,721.5999755859375,10543750
2024-10-10,723.036376953125,731.969970703125,736.7999877929688,727.2999877929688,732.0,5594270
2024-10-11,721.2880249023438,730.2000122070312,733.0,722.60498046875,732.5,3615870
2024-10-14,712.081787109375,720.8800048828125,731.385009765625,720.0,729.27001953125,4451810
2024-10-15,693.1259765625,701.6900024414062,725.614990234375,697.9000244140625,724.489990234375,14855670
2024-10-16,687.1448974609375,695.635009765625,705.9349975585938,692.0,701.0,11256980
2024-10-17,681.529296875,689.9500122070312,699.8800048828125,687.0999755859375,698.094970703125,6897550
2024-10-18,681.5342407226562,689.9550170898438,693.864990234375,682.0700073242188,689.2999877929688,7449290
2024-10-21,669.8140258789062,678.0900268554688,695.0750122070312,671.7249755859375,690.905029296875,22099660
2024-10-22,659.6397094726562,667.7899780273438,683.2999877929688,664.364990234375,680.0,17006190
2024-10-23,691.041748046875,699.5800170898438,709.885009765625,660.0999755859375,660.5750122070312,26373910
2024-10-24,695.4967041015625,704.0900268554688,712.2849731445312,699.0599975585938,701.25,8951250
2024-10-25,682.581298828125,691.0150146484375,705.9949951171875,689.3300170898438,704.0900268554688,10223240
2024-10-28,682.6998291015625,691.135009765625,704.5,687.5,692.0,7149810
2024-10-29,693.6791381835938,702.25,706.0,680.219970703125,690.9099731445312,14097500
2024-10-30,687.0115356445312,695.5,702.0449829101562,693.2000122070312,699.9000244140625,5660440
2024-10-31,680.566162109375,688.9749755859375,697.0800170898438,687.9749755859375,694.9000244140625,7301530
2024-11-01,683.9098510742188,692.3599853515625,694.4550170898438,690.2000122070312,693.0,450110
2024-11-04,676.0173950195312,684.3699951171875,697.5,675.2899780273438,697.5,7162390
2024-11-05,684.5765991210938,693.0349731445312,701.4949951171875,671.2000122070312,684.5,12234300
2024-11-06,692.0690307617188,700.6199951171875,702.4099731445312,689.22998046875,693.5,6962620
2024-11-07,682.023193359375,690.4500122070312,703.89501953125,687.0,700.6199951171875,4590470
2024-11-08,681.1785278320312,689.594970703125,695.155029296875,684.0999755859375,690.4500122070312,4248400
2024-11-11,669.6065673828125,677.8800048828125,690.4199829101562,675.2150268554688,686.0,7623160
2024-11-12,655.7182006835938,663.8200073242188,683.6849975585938,661.5,681.9000244140625,10572330
2024-11-13,648.5862426757812,656.5999755859375,670.2249755859375,652.6599731445312,663.5,8673470
2024-11-14,646.9218139648438,654.9149780273438,663.9450073242188,653.0,657.22998046875,5277030
2024-11-18,648.7789306640625,656.7949829101562,665.7000122070312,655.5,663.2999877929688,5965350
2024-11-19,651.4805297851562,659.530029296875,664.47998046875,656.0999755859375,659.4349975585938,8040460
2024-11-21,638.6737670898438,646.5650024414062,661.4000244140625,645.0999755859375,661.4000244140625,11010800
2024-11-22,660.2373046875,668.39501953125,672.239990234375,645.60498046875,647.0,9698550
2024-11-25,660.3805541992188,668.5399780273438,686.2999877929688,666.72998046875,678.989990234375,11327510
2024-11-26,653.7178955078125,661.7949829101562,673.97998046875,660.844970703125,672.2000122070312,6632780
2024-11-27,662.3363647460938,670.52001953125,673.3300170898438,661.2249755859375,665.0,6420100
2024-11-28,642.9954223632812,650.9400024414062,672.625,649.5,671.4000244140625,15768820
2024-11-29,649.5642700195312,657.5900268554688,660.9000244140625,651.0349731445312,651.9000244140625,7096430
2024-12-02,656.947998046875,665.0650024414062,666.5,649.0999755859375,659.5,9202490
2024-12-03,659.397705078125,667.5449829101562,672.239990234375,663.0800170898438,669.614990234375,13136660
2024-12-04,665.77392578125,674.0,676.4400024414062,666.6849975585938,670.1749877929688,11304410
2024-12-05,676.67919921875,685.0399780273438,688.989990234375,668.5449829101562,676.0,13482430
2024-12-06,676.6693725585938,685.030029296875,693.5,677.864990234375,687.594970703125,8332070
2024-12-09,678.4522705078125,686.8350219726562,692.5,682.7899780273438,685.010009765625,8409100
2024-12-10,685.1544799804688,693.6199951171875,695.885009765625,684.405029296875,688.47998046875,12045630
2024-12-11,702.826171875,711.510009765625,716.5,689.3099975585938,695.989990234375,19931040
2024-12-12,703.883056640625,712.5800170898438,714.8400268554688,707.5,712.1849975585938,9667960
2024-12-13,709.5134887695312,718.280029296875,721.7249755859375,698.0599975585938,709.9000244140625,12504360
2024-12-16,712.0422973632812,720.8400268554688,724.7999877929688,715.6099853515625,718.280029296875,7960740
2024-12-17,706.5501098632812,715.280029296875,725.739990234375,711.0,720.0,10318560
2024-12-18,698.8107299804688,707.4450073242188,717.8800048828125,706.0399780273438,714.9000244140625,7275140
2024-12-19,683.4110107421875,691.85498046875,702.4450073242188,688.7849731445312,695.0,9076750
2024-12-20,676.4668579101562,684.8250122070312,702.4000244140625,680.469970703125,691.3350219726562,27000190
2024-12-23,678.289306640625,686.6699829101562,697.6900024414062,685.594970703125,689.7000122070312,5829280
2024-12-24,672.5106811523438,680.8200073242188,691.0,679.4000244140625,688.2000122070312,6014270
2024-12-26,673.2564697265625,681.5750122070312,685.7999877929688,680.0050048828125,683.0399780273438,3290960
2024-12-27,682.3442993164062,690.7750244140625,697.6699829101562,683.0399780273438,684.6849975585938,5554180
2024-12-30,680.41796875,688.8250122070312,699.5,686.5,690.0,4908760
2024-12-31,673.9725952148438,682.2999877929688,687.7000122070312,679.2000122070312,686.9949951171875,6153980
2025-01-01,685.0656127929688,693.530029296875,694.7949829101562,680.5999755859375,682.2999877929688,4187210
2025-01-02,729.9015502929688,738.9199829101562,743.0,697.0999755859375,698.0,31716510
2025-01-03,731.6845092773438,740.7249755859375,750.0,735.9249877929688,738.9749755859375,15059280
2025-01-06,725.9652099609375,734.9349975585938,759.989990234375,731.6749877929688,750.0,19059760
2025-01-07,726.4196166992188,735.39501953125,744.6900024414062,730.14501953125,735.4949951171875,10425380
2025-01-08,726.5628051757812,735.5399780273438,738.844970703125,725.6699829101562,736.1849975585938,8444660
2025-01-09,718.863037109375,727.7449951171875,735.5399780273438,723.5999755859375,733.844970703125,6681410
2025-01-10,719.9100341796875,728.8049926757812,736.7050170898438,724.5050048828125,727.7449951171875,8089630
2025-01-13,706.3673706054688,715.094970703125,725.510009765625,713.4000244140625,724.0,6642740
2025-01-14,724.5477294921875,733.5,738.7999877929688,719.114990234375,723.0,9980110
2025-01-15,708.9801025390625,717.739990234375,735.0,710.52001953125,734.0499877929688,6817500
2025-01-16,717.1145629882812,725.9749755859375,728.9000244140625,719.405029296875,720.0,8608490
2025-01-17,709.4443359375,718.2100219726562,728.4949951171875,715.6300048828125,722.0999755859375,6652740
2025-01-20,734.929443359375,744.010009765625,747.0,718.2100219726562,718.2100219726562,10679710
2025-01-21,720.265625,729.1649780273438,748.5,727.760009765625,745.0,10032060
2025-01-22,730.6868896484375,739.7150268554688,742.0250244140625,726.0349731445312,733.9000244140625,7273680
2025-01-23,735.2406005859375,744.3250122070312,752.4000244140625,732.5,734.0999755859375,10302950
2025-01-24,734.7813110351562,743.8599853515625,750.5,733.8300170898438,744.3250122070312,6796870
2025-01-27,720.6409912109375,729.5449829101562,747.4500122070312,726.0,738.010009765625,6928100
2025-01-28,751.376220703125,760.6599731445312,770.6799926757812,734.5,739.0,24789330
2025-01-29,766.4945068359375,775.9650268554688,778.7000122070312,756.89501953125,765.7249755859375,15149200
2025-01-30,780.5211181640625,790.1649780273438,825.0650024414062,785.0,785.0,56488830
2025-01-31,778.8864135742188,788.510009765625,798.0650024414062,779.0999755859375,792.5,18335460
2025-02-01,790.2459716796875,800.010009765625,810.9949951171875,778.4400024414062,788.0,16153780
2025-02-03,832.2964477539062,842.5800170898438,843.9299926757812,792.10498046875,792.219970703125,43369260
2025-02-04,837.19091796875,847.5349731445312,849.0,830.2999877929688,842.5,19663000
2025-02-05,840.559326171875,850.9450073242188,858.8699951171875,844.5499877929688,850.0,18674930
2025-02-06,840.3469848632812,850.72998046875,866.280029296875,846.2000122070312,853.4249877929688,17094730
2025-02-07,837.082275390625,847.4249877929688,858.5,838.3900146484375,858.5,9665400
2025-02-10,818.5660400390625,828.6799926757812,848.7999877929688,822.0,847.8800048828125,12438380
2025-02-11,809.122802734375,819.1199951171875,835.510009765625,813.9349975585938,829.9000244140625,9630590
2025-02-12,811.3798828125,821.405029296875,828.4000244140625,802.5,814.9650268554688,14837310
2025-02-13,830.636962890625,840.9000244140625,849.7999877929688,819.7050170898438,819.7050170898438,18003130
2025-02-14,828.9873046875,839.22998046875,845.5599975585938,828.2000122070312,840.85498046875,8633150
2025-02-17,832.3753662109375,842.6599731445312,848.7999877929688,822.0250244140625,822.0250244140625,8627990
2025-02-18,836.2575073242188,846.5900268554688,848.0,836.0700073242188,843.0,8689770
2025-02-19,833.644775390625,843.9450073242188,852.9000244140625,840.0,845.9149780273438,8961980
2025-02-20,829.693603515625,839.9450073242188,845.5599975585938,834.5650024414062,835.5850219726562,7900700
2025-02-21,829.4219360351562,839.6699829101562,842.030029296875,828.7999877929688,836.0,6086470
2025-02-24,825.2979125976562,835.4949951171875,839.9000244140625,831.10498046875,832.7999877929688,3552600
2025-02-25,838.51953125,848.8800048828125,852.6649780273438,833.8049926757812,835.4949951171875,10985410
2025-02-27,859.9151611328125,870.5399780273438,873.9000244140625,854.260009765625,854.260009765625,18382830
2025-02-28,842.618896484375,853.030029296875,867.0,851.0050048828125,866.5,17545800
2025-03-03,852.2548217773438,862.7849731445312,865.0800170898438,843.8099975585938,853.5999755859375,8749960
2025-03-04,848.1159057617188,858.594970703125,861.9299926757812,851.364990234375,852.219970703125,7655060
2025-03-05,819.7415771484375,829.8699951171875,850.0,822.0999755859375,845.5,16300920
2025-03-06,830.8197021484375,841.0850219726562,845.97998046875,827.5549926757812,836.5,8814220
2025-03-07,830.1924438476562,840.4500122070312,847.0,836.64501953125,840.989990234375,4729460
2025-03-10,824.0779418945312,834.260009765625,863.7899780273438,832.60498046875,843.7750244140625,10164530
2025-03-11,823.8656005859375,834.0449829101562,837.5,821.125,830.5,8135670
2025-03-12,838.08984375,848.4450073242188,852.4500122070312,827.2550048828125,834.1099853515625,20882230
2025-03-13,831.7679443359375,842.0449829101562,856.0,839.2999877929688,850.0,12173510
2025-03-17,847.5628051757812,858.0349731445312,862.9949951171875,838.5999755859375,839.9199829101562,11020850
2025-03-18,847.5628051757812,858.0349731445312,858.0349731445312,858.0349731445312,858.0349731445312,0
2025-03-19,862.503173828125,873.1599731445312,887.9000244140625,868.260009765625,870.0,12898200
2025-03-20,857.3716430664062,867.9650268554688,876.8049926757812,854.114990234375,872.5,7924330
2025-03-21,880.72802734375,891.6099853515625,908.9000244140625,883.0999755859375,903.9949951171875,27448010
2025-03-24,897.9107666015625,909.0050048828125,911.5,892.7000122070312,909.594970703125,14332170
2025-03-25,895.6585083007812,906.7249755859375,926.0050048828125,897.7050170898438,912.5,17482600
2025-03-26,875.7841186523438,886.60498046875,912.6900024414062,884.9949951171875,910.2050170898438,8862110
2025-03-27,889.3959350585938,900.385009765625,905.5399780273438,882.2249755859375,886.0999755859375,20920440
2025-03-28,883.6420288085938,894.5599975585938,902.8900146484375,886.0999755859375,899.760009765625,9770990
2025-04-01,859.2039794921875,869.8200073242188,892.5,867.0999755859375,878.3300170898438,11834240
2025-04-02,856.3442993164062,866.9249877929688,875.9849853515625,861.2000122070312,873.0,6464950
2025-04-03,848.9703979492188,859.4600219726562,876.5,846.02001953125,865.0,13966330
2025-04-04,861.2437744140625,871.885009765625,879.7000122070312,858.3800048828125,865.5999755859375,18496580
2025-04-07,846.3428955078125,856.7999877929688,860.0499877929688,830.7150268554688,834.0,13981240
2025-04-08,871.45751953125,882.2249755859375,887.2999877929688,865.0,865.0,14775630
2025-04-09,862.9181518554688,873.5800170898438,884.2000122070312,862.5,881.5,10487740
2025-04-11,881.221923828125,892.1099853515625,897.3499755859375,881.0700073242188,882.5050048828125,10097220
2025-04-15,902.9434814453125,914.0999755859375,929.0,907.5499877929688,925.5499877929688,12633610
2025-04-16,894.5966796875,905.6500244140625,917.1500244140625,896.4000244140625,914.9500122070312,7198220
2025-04-17,905.0672607421875,916.25,919.0,895.2000122070312,904.0,11415130
2025-04-21,916.0317993164062,927.3499755859375,931.5,914.1500244140625,917.0,7824150
2025-04-22,914.7476806640625,926.0499877929688,939.2999877929688,923.0,929.5,11293580
2025-04-23,920.92138671875,932.2999877929688,934.8499755859375,915.0,928.2000122070312,10818710
2025-04-24,918.748291015625,930.0999755859375,966.0,927.2999877929688,962.0,18496710
2025-04-25,900.0789184570312,911.2000122070312,934.4500122070312,899.0,931.0499877929688,10893540
2025-04-28,898.2021484375,909.2999877929688,912.5,900.0499877929688,908.0,9946560
2025-04-29,898.2021484375,909.2999877929688,914.5999755859375,896.0,913.0,11768180
2025-04-30,852.9117431640625,863.4500122070312,888.7999877929688,855.5999755859375,884.0,39690570
2025-05-02,876.0260620117188,886.8499755859375,891.5,856.5999755859375,857.5499877929688,18933030
2025-05-05,882.2987060546875,893.2000122070312,903.2999877929688,886.5999755859375,887.75,8930610
2025-05-06,869.0128173828125,879.75,897.4000244140625,875.0,891.0999755859375,12040870
2025-05-07,887.6821899414062,898.6500244140625,899.75,872.2999877929688,875.0,11635570
2025-05-08,872.4700927734375,883.25,907.4500122070312,877.5,897.7000122070312,12018090
2025-05-09,854.7150268554688,864.0999755859375,878.0999755859375,860.5,865.0,12151340
2025-05-12,892.0549926757812,901.8499755859375,903.0,882.5499877929688,884.9000244140625,10638220
2025-05-13,894.3795166015625,904.2000122070312,916.3499755859375,899.0999755859375,900.4000244140625,13363000
2025-05-14,898.2371215820312,908.0999755859375,911.0499877929688,901.2000122070312,904.5,7594000
2025-05-15,908.870361328125,918.8499755859375,921.5,902.7999877929688,909.9500122070312,10385000
2025-05-16,906.7437133789062,916.7000122070312,928.5999755859375,913.3499755859375,918.8499755859375,6251920
2025-05-19,915.4976196289062,925.5499877929688,928.9500122070312,916.7000122070312,916.7000122070312,7162740
2025-05-20,898.039306640625,907.9000244140625,931.0,906.9000244140625,929.7999877929688,8106160
2025-05-21,909.7606201171875,919.75,928.0,902.8499755859375,910.0,7321500
2025-05-22,903.97412109375,913.9000244140625,919.9000244140625,907.0499877929688,919.75,6159740
2025-05-23,914.3106079101562,924.3499755859375,928.6500244140625,911.0999755859375,913.9000244140625,4251690
2025-05-26,916.8823852539062,926.9500122070312,933.6500244140625,925.0,925.5,5476790
2025-05-27,907.139404296875,917.0999755859375,929.0,914.2999877929688,927.0,7150000
2025-05-28,916.6845703125,926.75,929.4500122070312,914.0999755859375,924.5,6507400
2025-05-29,910.403564453125,920.4000244140625,927.9500122070312,916.0,925.0,7081750
2025-05-30,912.4410400390625,918.0499877929688,920.3499755859375,912.0999755859375,917.0,15041740
2025-06-02,906.2788696289062,911.8499755859375,916.5,904.0,913.0,6619630
2025-06-03,892.4141845703125,897.9000244140625,912.7999877929688,897.0,910.5999755859375,9080270
2025-06-04,893.2092895507812,898.7000122070312,903.9500122070312,896.4500122070312,897.5,5544930
2025-06-05,887.941650390625,893.4000244140625,898.7000122070312,886.9500122070312,898.7000122070312,7853320
2025-06-06,931.4243774414062,937.1500244140625,943.4000244140625,887.5999755859375,894.5,19783860
2025-06-09,954.880126953125,960.75,978.7999877929688,940.2999877929688,955.0,23496010
2025-06-10,943.9473266601562,949.75,970.0,948.5499877929688,970.0,9044040
2025-06-11,936.7416381835938,942.5,957.0,940.4000244140625,949.0,11860810
2025-06-12,931.1261596679688,936.8499755859375,953.2999877929688,935.5,944.9000244140625,12388330
2025-06-13,927.3990478515625,933.0999755859375,936.5499877929688,914.7000122070312,915.0,10182020
2025-06-16,932.2691650390625,938.0,956.0,925.0,956.0,7016290
2025-06-17,917.3607788085938,923.0,943.5,917.5,941.5,6110175
2025-06-18,913.38525390625,919.0,932.5,915.0,927.0,5002923
2025-06-19,894.9982299804688,900.5,922.5,894.0,919.0,6585940
2025-06-20,899.4707641601562,905.0,907.5,886.0,897.0,14320241
2025-06-23,909.9066162109375,915.5,918.0,890.5,899.0,5870597
2025-06-24,910.9005126953125,916.5,936.0,914.5,920.0,11555634
2025-06-25,922.3302612304688,928.0,930.0,916.0,918.0,6623799
2025-06-26,945.6866455078125,951.5,953.5,928.5,930.0,11677790
2025-06-27,941.2141723632812,947.0,959.5,936.0,950.0,21637194
2025-06-30,930.7783203125,936.5,956.0,934.0,956.0,6086081
2025-07-01,930.9274291992188,936.6500244140625,941.7999877929688,928.0,932.5,5381327
2025-07-02,917.3607788085938,923.0,939.8499755859375,914.0,933.0,9394493
2025-07-03,904.5892944335938,910.1500244140625,924.5,905.2000122070312,922.0,7606558
2025-07-04,919.646728515625,925.2999877929688,940.7000122070312,919.0,922.0,10613046
2025-07-07,919.000732421875,924.6500244140625,929.2999877929688,918.0999755859375,925.0,3383973
2025-07-08,921.982421875,927.6500244140625,929.5,918.7999877929688,918.7999877929688,3851432
2025-07-09,934.8532104492188,940.5999755859375,946.0,924.0,926.5,5341529
2025-07-10,941.8602294921875,947.6500244140625,951.7000122070312,942.25,943.0,5409906
2025-07-11,927.796630859375,933.5,947.1500244140625,931.5499877929688,938.7000122070312,4278038
2025-07-14,913.2361450195312,918.8499755859375,932.0,911.2999877929688,932.0,6657978
2025-07-15,922.7278442382812,928.4000244140625,930.5999755859375,918.0,919.0,3892075
2025-07-16,916.118408203125,921.75,927.0,919.4000244140625,924.0,3952491
2025-07-17,917.658935546875,923.2999877929688,926.25,916.0,925.9500122070312,4583882
2025-07-18,936.2446899414062,942.0,944.9000244140625,920.0,920.5,7893820
2025-07-21,942.6553344726562,948.4500122070312,951.0,937.3499755859375,938.9000244140625,4660232
2025-07-22,946.730224609375,952.5499877929688,962.0,940.0,955.0,6237382
2025-07-23,962.384033203125,968.2999877929688,970.9500122070312,953.6500244140625,954.0,9694991
2025-07-24,953.0911865234375,958.9500122070312,970.0,954.0,970.0,5189112
2025-07-25,908.1672973632812,913.75,924.9000244140625,898.0,906.4000244140625,24415481
2025-07-28,875.1204223632812,880.5,913.75,879.0,909.25,14011284
2025-07-29,881.1334838867188,886.5499877929688,894.0,873.5,875.0499877929688,11323854
2025-07-30,879.44384765625,884.8499755859375,892.5999755859375,875.0,890.9500122070312,5054496
2025-07-31,875.816162109375,881.2000122070312,887.8499755859375,868.0,872.0,6999179
2025-08-01,870.2503662109375,875.5999755859375,895.8499755859375,873.0,884.7999877929688,5300299
2025-08-04,879.89111328125,885.2999877929688,886.75,873.7000122070312,874.0,3969985
2025-08-05,886.4508056640625,891.9000244140625,893.5999755859375,882.4000244140625,889.0,4446791
2025-08-06,871.2940063476562,876.6500244140625,895.5,874.5999755859375,888.0,4212648
2025-08-07,873.72900390625,879.0999755859375,882.0,867.25,871.0,5998002
2025-08-08,871.7909545898438,877.1500244140625,888.2999877929688,876.0,877.0,3736916
2025-08-11,872.4369506835938,877.7999877929688,888.2999877929688,872.75,877.1500244140625,5367926
2025-08-12,847.7884521484375,853.0,884.9000244140625,851.5,877.2000122070312,8257312
2025-08-13,854.7456665039062,860.0,864.0,849.0,854.5499877929688,10117225
2025-08-14,856.1868286132812,861.4500122070312,866.9000244140625,855.4500122070312,860.0,5379250
2025-08-18,899.6695556640625,905.2000122070312,919.6500244140625,875.0,875.0,16277779
2025-08-19,896.7872314453125,902.2999877929688,909.9000244140625,890.5,905.9500122070312,5764382
2025-08-20,882.3758544921875,887.7999877929688,902.0,886.0499877929688,900.5499877929688,5561646
2025-08-21,890.128173828125,895.5999755859375,901.2999877929688,884.0,888.0,6697533
2025-08-22,889.034912109375,894.5,903.9000244140625,892.0,895.0,6424895
2025-08-25,895.29638671875,900.7999877929688,908.0,898.1500244140625,902.0999755859375,5837876
2025-08-26,870.8964233398438,876.25,901.9000244140625,873.5,899.9500122070312,6712926
2025-08-28,871.4927368164062,876.8499755859375,884.5,869.7000122070312,870.2000122070312,8349342
2025-08-29,872.4866333007812,877.8499755859375,888.0,870.8499755859375,870.8499755859375,5672446
2025-09-01,883.9163818359375,889.3499755859375,894.7999877929688,877.8499755859375,877.8499755859375,4101526
2025-09-02,884.6617431640625,890.0999755859375,899.5499877929688,886.1500244140625,895.0,6103185
2025-09-03,890.8239135742188,896.2999877929688,898.8499755859375,880.0499877929688,892.7000122070312,5493809
2025-09-04,929.0390014648438,934.75,948.0,912.25,915.0,21738706
2025-09-05,931.87158203125,937.5999755859375,942.3499755859375,932.0,942.0,5467260
2025-09-08,938.5306396484375,944.2999877929688,949.6500244140625,935.6500244140625,937.5999755859375,5657331
2025-09-09,942.6056518554688,948.4000244140625,949.4000244140625,940.0,944.0,5417393
2025-09-10,962.0361938476562,967.9500122070312,969.6500244140625,947.7000122070312,951.0499877929688,6836239
2025-09-11,964.3220825195312,970.25,975.9000244140625,965.5999755859375,968.0,5982627
2025-09-12,997.1204833984375,1003.25,1004.5999755859375,970.8499755859375,972.25,11412561
2025-09-15,1003.6801147460938,1009.8499755859375,1025.699951171875,998.0999755859375,999.0,9989753
2025-09-16,997.1204833984375,1003.25,1015.2999877929688,1000.0,1005.8499755859375,7602155
2025-09-17,1001.3445434570312,1007.5,1011.7999877929688,1000.3499755859375,1010.0,6995023
2025-09-18,990.4117431640625,996.5,1009.7999877929688,990.0,1007.0,9738376
2025-09-19,986.386474609375,992.4500122070312,996.0,988.5999755859375,991.0,6736440
2025-09-22,1000.3506469726562,1006.5,1010.9000244140625,989.0,989.9500122070312,4250045
2025-09-23,1019.2345581054688,1025.5,1028.800048828125,999.0,999.0,10230040
2025-09-24,1023.4585571289062,1029.75,1036.0,1020.4000244140625,1021.5,6433184
2025-09-25,1006.5624389648438,1012.75,1031.0999755859375,1008.0,1020.0,16731453
2025-09-26,979.0813598632812,985.0999755859375,1010.5,981.0499877929688,1008.0499877929688,9109737
2025-09-29,984.8956298828125,990.9500122070312,997.7999877929688,981.0999755859375,990.0,5804877
2025-09-30,992.797119140625,998.9000244140625,1002.2999877929688,989.4500122070312,990.0,7182200
2025-10-01,981.66552734375,987.7000122070312,1000.0,977.75,991.5,6932272
2025-10-03,983.7029418945312,989.75,992.2000122070312,972.0,975.0,7692197
2025-10-06,1002.7360229492188,1008.9000244140625,1023.0,992.0999755859375,993.0,9299635
2025-10-07,1010.3392333984375,1016.5499877929688,1029.5,1008.9000244140625,1008.9000244140625,7991437
2025-10-08,1016.89892578125,1023.1500244140625,1028.0,1012.0499877929688,1012.0499877929688,4448915
2025-10-09,1017.8430786132812,1024.0999755859375,1029.0,1014.9500122070312,1023.0,4444154
2025-10-10,1017.5946044921875,1023.8499755859375,1027.5,1017.0,1018.0999755859375,3714548
2025-10-13,1030.415771484375,1036.75,1040.0,1021.5,1023.8499755859375,7684523
2025-10-14,1012.92333984375,1019.1500244140625,1042.0999755859375,1011.3499755859375,1040.0,7668358
2025-10-15,1053.4244384765625,1059.9000244140625,1063.0,1018.4000244140625,1026.0,10205158
2025-10-16,1059.2386474609375,1065.75,1081.0999755859375,1058.8499755859375,1062.0,9901992
2025-10-17,1063.56201171875,1070.0999755859375,1076.449951171875,1056.0999755859375,1056.0999755859375,5761670
2025-10-20,1074.3955078125,1081.0,1086.5,1072.199951171875,1081.5,5700858
2025-10-21,1079.86181640625,1086.5,1089.0,1081.0,1084.9000244140625,911624
2025-10-23,1087.465087890625,1094.1500244140625,1102.5,1083.9000244140625,1090.0,11143407
2025-10-24,1083.092041015625,1089.75,1098.5999755859375,1087.4000244140625,1093.5,6440277
2025-10-27,1077.774658203125,1084.4000244140625,1094.0,1075.75,1090.949951171875,7366175
2025-10-28,1066.1959228515625,1072.75,1092.4000244140625,1063.050048828125,1078.0,12324341
2025-10-29,1056.4556884765625,1062.949951171875,1079.1500244140625,1061.25,1072.0,5386803
2025-10-30,1045.870849609375,1052.300048828125,1066.800048828125,1045.0,1063.0,4271927
2025-10-31,1036.428955078125,1042.800048828125,1069.449951171875,1041.4000244140625,1052.0,5315632
2025-11-03,1036.72705078125,1043.0999755859375,1048.0,1031.0,1037.0,4135617
2025-11-04,1050.5421142578125,1057.0,1060.4000244140625,1035.0,1040.0,6202540
2025-11-06,1035.534423828125,1041.9000244140625,1052.800048828125,1035.0,1037.0,5776277
2025-11-07,1060.0833740234375,1066.5999755859375,1076.9000244140625,1034.199951171875,1039.0,6940923
2025-11-10,1078.3709716796875,1085.0,1088.0,1062.9000244140625,1066.5999755859375,5692236
2025-11-11,999.05859375,1005.2000122070312,1043.699951171875,997.0,1043.699951171875,23762890
2025-11-12,1007.0097045898438,1013.2000122070312,1018.4000244140625,1008.7999877929688,1011.0,11131278
2025-11-13,999.2573852539062,1005.4000244140625,1019.4000244140625,1003.5,1012.5,8503994
2025-11-14,1012.27734375,1018.5,1019.9000244140625,1002.5999755859375,1004.9000244140625,4381122
2025-11-17,1020.5266723632812,1026.800048828125,1033.0,1017.0,1021.0,6011603
2025-11-18,1007.4072265625,1013.5999755859375,1024.0999755859375,1011.7000122070312,1021.2000122070312,4562185
2025-11-19,999.4561157226562,1005.5999755859375,1016.0999755859375,1004.5999755859375,1009.0,5158832
2025-11-20,1022.3156127929688,1028.5999755859375,1031.699951171875,1007.2999877929688,1015.0,5459073
2025-11-21,997.9652709960938,1004.0999755859375,1027.5999755859375,1001.5,1020.0,6304584
2025-11-24,987.927001953125,994.0,1009.2999877929688,990.0,1005.0,9574900
2025-11-25,980.1746826171875,986.2000122070312,996.9000244140625,984.5,995.0,6376983
2025-11-26,1004.5249633789062,1010.7000122070312,1012.7999877929688,981.2999877929688,986.2000122070312,9772235
2025-11-27,1027.48388671875,1033.800048828125,1044.9000244140625,1010.9000244140625,1015.5999755859375,12076038
2025-11-28,1031.1612548828125,1037.5,1043.5,1031.0,1038.0,4983147
2025-12-01,1014.8613891601562,1021.0999755859375,1042.0,1018.7999877929688,1041.9000244140625,6459837
2025-12-02,1019.2345581054688,1025.5,1036.0,1013.9000244140625,1014.5,6706145
2025-12-03,1015.1596069335938,1021.4000244140625,1026.300048828125,1014.2000122070312,1021.0,5895670
2025-12-04,1022.8125,1029.0999755859375,1032.300048828125,1016.0,1018.0,5404918
2025-12-05,1041.5970458984375,1048.0,1061.0,1026.5,1028.9000244140625,13123572
2025-12-08,1020.1290893554688,1026.4000244140625,1049.800048828125,1023.0,1048.0,5189635
2025-12-09,1010.4883422851562,1016.7000122070312,1026.0,1013.7000122070312,1025.0,5968501
2025-12-10,1004.1273803710938,1010.2999877929688,1021.7000122070312,1007.2999877929688,1016.0,4990527
2025-12-11,1000.2512817382812,1006.4000244140625,1020.5,1000.0999755859375,1011.9000244140625,4670539
2025-12-12,1011.0846557617188,1017.2999877929688,1020.7999877929688,1000.0,1000.0,4381711
2025-12-15,1006.5127563476562,1012.7000122070312,1016.5,1008.0,1015.0,3958977
2025-12-16,992.3001708984375,998.4000244140625,1010.5999755859375,996.5,1007.5,3861617
2025-12-17,993.4927368164062,999.5999755859375,1011.2000122070312,995.2999877929688,1000.0,4695550
2025-12-18,994.1884765625,1000.2999877929688,1009.7000122070312,995.0,1002.0999755859375,3103997
2025-12-19,1002.1396484375,1008.2999877929688,1014.0,1002.5,1003.2000122070312,5126009
2025-12-22,1001.6427001953125,1007.7999877929688,1015.4000244140625,1005.0,1008.2999877929688,3921237
2025-12-23,1005.220703125,1011.4000244140625,1018.0,1005.7000122070312,1013.5,4712043
2025-12-24,1005.5188598632812,1011.7000122070312,1037.4000244140625,1006.0,1011.0,5984816
2025-12-26,993.8903198242188,1000.0,1011.7000122070312,998.0,1011.7000122070312,5211460
2025-12-29,991.902587890625,998.0,1003.9000244140625,989.5999755859375,1003.0,6715489
2025-12-30,983.2556762695312,989.2999877929688,997.5999755859375,987.0999755859375,994.0999755859375,7473887
2025-12-31,980.77099609375,986.7999877929688,994.2000122070312,978.4000244140625,990.0,9895270
2026-01-01,967.1546630859375,973.0999755859375,989.0,969.0,988.2000122070312,7118751
2026-01-02,984.398681640625,990.4500122070312,994.2000122070312,960.5999755859375,972.9000244140625,6206869
2026-01-05,972.7702026367188,978.75,999.1500244140625,975.0,979.7000122070312,10564157
2026-01-06,971.3787231445312,977.3499755859375,987.0,973.2999877929688,978.0,8380183
2026-01-07,962.8809814453125,968.7999877929688,976.4500122070312,965.0499877929688,973.0499877929688,7048491
2026-01-08,966.01171875,971.9500122070312,978.3499755859375,965.2999877929688,968.5,4410256
2026-01-09,953.7371215820312,959.5999755859375,983.0,953.7000122070312,970.0999755859375,7598970
2026-01-12,946.084228515625,951.9000244140625,961.4000244140625,939.8499755859375,958.7999877929688,5640136
2026-01-13,943.2019653320312,949.0,955.8499755859375,939.0,950.0,6765116
2026-01-14,940.1705932617188,945.9500122070312,953.9000244140625,943.1500244140625,947.0,4452202
2026-01-15,940.1705932617188,945.9500122070312,945.9500122070312,945.9500122070312,945.9500122070312,0
2026-01-16,944.4442749023438,950.25,963.0,936.7999877929688,940.2000122070312,10710080
2026-01-19,963.5269775390625,969.4500122070312,972.9000244140625,948.8499755859375,950.5,7000442
2026-01-20,927.4984741210938,933.2000122070312,975.7000122070312,927.9000244140625,975.7000122070312,9001207
2026-01-21,930.5298461914062,936.25,947.2999877929688,921.0,925.0,5375254
2026-01-22,937.0894775390625,942.8499755859375,947.0,934.25,947.0,5518756
2026-01-23,922.18115234375,927.8499755859375,951.4000244140625,926.2999877929688,942.8499755859375,6535035
2026-01-27,909.1115112304688,914.7000122070312,931.9500122070312,907.7000122070312,930.0,15312488
2026-01-28,929.4365844726562,935.1500244140625,936.9000244140625,914.7000122070312,914.7000122070312,6046468
2026-01-29,929.4365844726562,935.1500244140625,939.7999877929688,923.7000122070312,935.1500244140625,6430445
2026-01-30,924.1688842773438,929.8499755859375,938.0,925.1500244140625,928.3499755859375,10151379
2026-02-02,898.1787109375,903.7000122070312,909.4000244140625,887.0,887.0,11874989
2026-02-03,958.5078735351562,964.4000244140625,972.7999877929688,941.9000244140625,960.0,15261370
2026-02-04,957.41455078125,963.2999877929688,975.7000122070312,944.1500244140625,965.0,17489015
2026-02-05,958.855712890625,964.75,968.5,953.0,964.0,6020258
2026-02-06,975.7021484375,981.7000122070312,986.5,966.0999755859375,973.9500122070312,13742927
2026-02-09,977.143310546875,983.1500244140625,988.0,971.5999755859375,988.0,4852548
2026-02-10,959.7005004882812,965.5999755859375,985.1500244140625,961.2999877929688,983.1500244140625,6166752
2026-02-11,963.0300903320312,968.9500122070312,974.5,961.4000244140625,965.2999877929688,3597342
2026-02-12,992.995849609375,999.0999755859375,1002.0,965.0,968.2999877929688,10346853
2026-02-13,1018.4891357421875,1024.75,1032.0,992.7999877929688,995.0,21613987
2026-02-16,1006.5624389648438,1012.75,1029.300048828125,1003.2999877929688,1023.0499877929688,4460636
2026-02-17,1007.9539184570312,1014.1500244140625,1016.3499755859375,1004.0,1012.75,2913899
2026-02-18,1017.544921875,1023.7999877929688,1025.699951171875,1007.0499877929688,1014.5499877929688,4929647
2026-02-19,1010.836181640625,1017.0499877929688,1024.5,1007.0,1024.0,9866245
2026-02-20,1023.90576171875,1030.199951171875,1036.5999755859375,1008.75,1015.9000244140625,6922705
2026-02-23,1024.700927734375,1031.0,1046.0,1029.050048828125,1032.449951171875,9452225
2026-02-24,1017.2964477539062,1023.5499877929688,1028.75,1010.2999877929688,1026.300048828125,6610984
2026-02-25,1014.8117065429688,1021.0499877929688,1034.0,1013.4000244140625,1028.0,3182612
2026-02-26,1006.76123046875,1012.9500122070312,1031.199951171875,1006.0499877929688,1020.75,4336261
2026-02-27,989.8154296875,995.9000244140625,1014.9000244140625,993.0999755859375,1008.9500122070312,8145772
2026-03-02,972.2732543945312,978.25,990.4000244140625,968.0,971.0,8493269
2026-03-04,939.3257446289062,945.0999755859375,967.0,941.2999877929688,967.0,8964293
2026-03-05,956.5200805664062,962.4000244140625,968.25,945.9000244140625,958.0,6181254
2026-03-06,944.3945922851562,950.2000122070312,961.5,946.5999755859375,960.0,6560051
2026-03-09,932.31884765625,938.0499877929688,941.0999755859375,909.0499877929688,921.7999877929688,9182152
2026-03-10,934.05810546875,939.7999877929688,952.1500244140625,931.8499755859375,950.0,8474956
2026-03-11,888.1901245117188,893.6500244140625,941.25,890.0,932.2000122070312,11172537
2026-03-12,857.8267211914062,863.0999755859375,888.2000122070312,858.3499755859375,880.0999755859375,15508258
2026-03-13,849.825927734375,855.0499877929688,868.3499755859375,848.7999877929688,861.0,6668639
2026-03-16,872.7848510742188,878.1500244140625,881.9000244140625,850.0999755859375,850.0999755859375,8982957
2026-03-17,863.2931518554688,868.5999755859375,881.0499877929688,859.5499877929688,878.1500244140625,7941385
2026-03-18,874.7228393554688,880.0999755859375,893.9500122070312,858.2000122070312,876.0999755859375,12375517
2026-03-19,827.1155395507812,832.2000122070312,869.9000244140625,826.7000122070312,868.2000122070312,11585591
2026-03-20,825.4755859375,830.5499877929688,841.9500122070312,819.25,836.7000122070312,14881843
2026-03-23,807.63525390625,812.5999755859375,818.7999877929688,787.9000244140625,818.0999755859375,15835828
2026-03-24,843.8129272460938,849.0,854.0,817.5999755859375,830.0,18828248
2026-03-25,877.356689453125,882.75,888.7999877929688,853.2999877929688,862.0499877929688,15995501
2026-03-27,838.6446533203125,843.7999877929688,875.1500244140625,841.25,875.0,11282824
2026-03-30,796.6527709960938,801.5499877929688,834.9000244140625,799.0,831.0,20377282
2026-04-01,812.3065795898438,817.2999877929688,842.0499877929688,814.7999877929688,832.7999877929688,15094026
2026-04-02,821.7982177734375,826.8499755859375,830.0499877929688,792.4500122070312,809.0,9113618
2026-04-06,845.6515502929688,850.8499755859375,853.0,814.25,828.9000244140625,12504591
2026-04-07,849.8756103515625,855.0999755859375,862.7999877929688,844.4500122070312,848.0,11569047
2026-04-08,909.4593505859375,915.0499877929688,926.0,881.0,890.0,13826150
2026-04-09,897.7314453125,903.25,913.4000244140625,891.4000244140625,902.0,9457820
2026-04-10,918.9013061523438,924.5499877929688,927.2999877929688,912.2999877929688,915.75,9491544
2026-04-13,893.457763671875,898.9500122070312,905.9000244140625,881.0999755859375,896.1500244140625,10723313
2026-04-15,907.5709838867188,913.1500244140625,925.0,911.0999755859375,925.0,5975197
2026-04-16,900.3652954101562,905.9000244140625,932.5999755859375,904.0,919.0,11805227
2026-04-17,902.700927734375,908.25,910.4500122070312,895.7999877929688,902.1500244140625,6035241
2026-04-20,912.1428833007812,917.75,920.9000244140625,898.0,908.25,6184179
2026-04-21,933.1139526367188,938.8499755859375,945.9500122070312,919.0,919.5,6713975
2026-04-22,929.0390014648438,934.75,946.3499755859375,930.1500244140625,938.0,5759028
2026-04-23,912.7391967773438,918.3499755859375,929.8499755859375,909.3499755859375,926.0999755859375,9143598
2026-04-24,915.9196166992188,921.5499877929688,924.7000122070312,909.7999877929688,920.0,3982355
2026-04-27,916.1680908203125,921.7999877929688,928.9500122070312,908.2999877929688,923.0499877929688,7813458
2026-04-28,918.0068359375,923.6500244140625,929.9000244140625,914.3499755859375,921.7999877929688,7119135
2026-04-29,924.3179931640625,930.0,937.0,916.5999755859375,925.0,5438997
2026-04-30,931.2752685546875,937.0,975.0,933.9000244140625,945.0,27364272
2026-05-01,931.2752685546875,937.0,937.0,937.0,937.0,0
2026-05-04,944.3945922851562,950.2000122070312,966.0,938.0999755859375,938.0999755859375,7503756
2026-05-05,952.7432861328125,958.5999755859375,961.0999755859375,933.1500244140625,950.2000122070312,7290077
2026-05-06,974.7579345703125,980.75,984.0,965.0,965.0,7771237
2026-05-07,966.8068237304688,972.75,992.25,969.0,992.25,7873561
2026-05-08,949.5131225585938,955.3499755859375,971.9500122070312,951.0,971.0,5555386
2026-05-11,930.3310546875,936.0499877929688,956.0,933.5499877929688,946.0,5581022
2026-05-12,898.6756591796875,904.2000122070312,932.6500244140625,901.75,928.0,7174645
2026-05-13,890.6748657226562,896.1500244140625,907.4000244140625,890.0499877929688,902.0,7422952
2026-05-14,906.5770874023438,912.1500244140625,915.0,889.0,902.9000244140625,6815238
2026-05-15,904.887451171875,910.4500122070312,921.5999755859375,907.3499755859375,913.0,5012279
2026-05-18,915.4723510742188,921.0999755859375,925.0,890.7000122070312,900.0,6387223
2026-05-19,917.9074096679688,923.5499877929688,930.0,920.0999755859375,927.5999755859375,8313548
2026-05-20,917.4601440429688,923.0999755859375,926.2999877929688,908.4500122070312,910.0,5864990
2026-05-21,902.1046142578125,907.6500244140625,934.9000244140625,903.25,933.0,9713326
2026-05-22,910.9501953125,916.5499877929688,924.0,908.0999755859375,908.0999755859375,4811990
2026-05-25,936.1453247070312,941.9000244140625,944.0,924.4500122070312,926.0999755859375,7065528
2026-05-26,924.5167846679688,930.2000122070312,948.4000244140625,928.0999755859375,943.9500122070312,8489543
2026-05-27,925.4609985351562,931.1500244140625,935.9500122070312,923.0,932.0,5349669
2026-05-28,925.4609985351562,931.1500244140625,931.1500244140625,931.1500244140625,931.1500244140625,0
2026-05-29,902.700927734375,908.25,937.7999877929688,895.2999877929688,915.0999755859375,46752428
2026-06-01,883.6182250976562,889.0499877929688,918.0,888.0,911.4500122070312,6887616
2026-06-02,876.6112670898438,882.0,884.4000244140625,860.4500122070312,874.0,15697997
2026-06-03,871.4430541992188,876.7999877929688,882.0,863.5,882.0,14747769
2026-06-04,869.0577392578125,874.4000244140625,879.1500244140625,868.0,870.2000122070312,9676279
2026-06-05,883.9661254882812,889.4000244140625,913.0,874.0,874.0,13274646
2026-06-08,865.77783203125,871.0999755859375,879.4000244140625,866.5,873.0,6203084
2026-06-09,881.4813842773438,886.9000244140625,888.75,872.0999755859375,886.0,9183355
2026-06-10,878.6984252929688,884.0999755859375,894.7000122070312,880.0999755859375,890.0999755859375,6939714
2026-06-11,865.231201171875,870.5499877929688,886.9500122070312,868.5,880.0,5191085
2026-06-12,912.6895141601562,918.2999877929688,921.0,881.0999755859375,881.2000122070312,11729668
2026-06-15,936.5428466796875,942.2999877929688,959.0,939.0,942.0,11989428
2026-06-16,953.786865234375,959.6500244140625,963.9000244140625,946.0,946.0,9335988
2026-06-17,952.5445556640625,958.4000244140625,961.7999877929688,951.5499877929688,955.0999755859375,5682977
2026-06-18,952.9917602539062,958.8499755859375,960.9500122070312,948.0,958.3499755859375,5750456
2026-06-19,955.9237060546875,961.7999877929688,971.7000122070312,953.25,954.0499877929688,12941776
2026-06-22,962.384033203125,968.2999877929688,972.9500122070312,961.5499877929688,966.0499877929688,5680845
2026-06-23,956.5200805664062,962.4000244140625,977.7000122070312,960.5,968.2999877929688,8202516
2026-06-24,984.8956298828125,990.9500122070312,993.9000244140625,952.4000244140625,952.4000244140625,9873777
2026-06-25,974.4100952148438,980.4000244140625,1005.5999755859375,978.9000244140625,996.2000122070312,12807092
2026-06-26,974.4100952148438,980.4000244140625,980.4000244140625,980.4000244140625,980.4000244140625,0
2026-06-29,976.0499877929688,982.0499877929688,992.2999877929688,975.2999877929688,975.2999877929688,19875760
2026-06-30,1004.75,1004.75,1010.9500122070312,977.7000122070312,986.9000244140625,12445420
2026-07-01,1014.9000244140625,1014.9000244140625,1025.4000244140625,998.9000244140625,1000.4000244140625,6834299
2026-07-02,1018.4000244140625,1018.4000244140625,1025.699951171875,993.4000244140625,994.7000122070312,8168339
2026-07-03,1031.4000244140625,1031.4000244140625,1040.0,1017.5999755859375,1035.0,9399193
2026-07-06,1029.0999755859375,1029.0999755859375,1040.199951171875,1024.800048828125,1040.0,4819952
2026-07-07,1042.5,1042.5,1052.9000244140625,1024.0,1024.0,9101171
2026-07-08,1010.4000244140625,1010.4000244140625,1034.699951171875,1004.0999755859375,1025.0,8313859
2026-07-09,1003.7999877929688,1003.7999877929688,1013.5,994.0999755859375,1000.0,11712515
2026-07-10,1020.5,1020.5,1023.9000244140625,1004.2000122070312,1010.0999755859375,7039305
2026-07-13,1022.5999755859375,1022.5999755859375,1028.0,1003.7000122070312,1014.0,4874070
2026-07-14,1006.5999755859375,1006.5999755859375,1022.0,995.2000122070312,1007.0,6458393
2026-07-15,1021.2999877929688,1021.2999877929688,1037.300048828125,1006.5999755859375,1006.5999755859375,5538356
2026-07-16,1037.5999755859375,1037.5999755859375,1042.4000244140625,1021.2000122070312,1024.0,9079076
2026-07-17,1056.300048828125,1056.300048828125,1058.5,1037.5999755859375,1044.9000244140625,12882360
2026-07-20,1064.0,1064.0,1067.699951171875,1038.199951171875,1057.0,9348760
2026-07-21,1069.199951171875,1069.199951171875,1074.4000244140625,1060.9000244140625,1064.0,6970658
2026-07-22,1060.300048828125,1060.300048828125,1070.5999755859375,1056.0999755859375,1064.0,6757716
2026-07-23,1039.800048828125,1039.800048828125,1061.199951171875,1036.5,1053.300048828125,8016651
2026-07-24,1012.7999877929688,1012.7999877929688,1030.199951171875,1001.2999877929688,1027.300048828125,18416962
2026-07-27,1048.300048828125,1048.300048828125,1050.0,1026.5999755859375,1026.699951171875,7610916
2026-07-28,1048.4000244140625,1048.4000244140625,1055.0,1042.4000244140625,1049.0,4726447
2026-07-29,1054.4000244140625,1054.4000244140625,1065.9000244140625,1048.4000244140625,1056.0,6444368
2026-07-30,1053.5,1053.5,1068.0,1035.0999755859375,1046.0,9866564
2026-07-31,1141.199951171875,1141.199951171875,1151.5,1083.5999755859375,1095.0,40814590
