Date,Adj Close,Close,High,Low,Open,Volume
2021-08-02,2139.020751953125,2332.800048828125,2353.39990234375,2324.60009765625,2342.0,1229936
2021-08-03,2188.58056640625,2386.85009765625,2393.0,2326.10009765625,2330.0,1733476
2021-08-04,2179.640380859375,2377.10009765625,2394.75,2367.550048828125,2386.85009765625,1588974
2021-08-05,2161.85205078125,2357.699951171875,2391.0,2354.0,2391.0,921757
2021-08-06,2174.505859375,2371.5,2380.75,2357.5,2357.699951171875,1432661
2021-08-09,2186.42626953125,2384.5,2395.0,2374.85009765625,2379.449951171875,921476
2021-08-10,2183.950439453125,2381.800048828125,2394.0,2359.10009765625,2394.0,1061370
2021-08-11,2191.881591796875,2390.449951171875,2395.0,2362.199951171875,2390.0,1300594
2021-08-12,2193.57763671875,2392.300048828125,2413.5,2377.449951171875,2395.0,1226064
2021-08-13,2204.7646484375,2404.5,2409.64990234375,2388.0,2401.0,1033159
2021-08-16,2224.845458984375,2426.39990234375,2436.85009765625,2392.64990234375,2404.0,1146309
2021-08-17,2277.477294921875,2483.800048828125,2487.449951171875,2431.050048828125,2433.0,1921902
2021-08-18,2279.54052734375,2486.050048828125,2500.0,2454.0,2485.0,1545643
2021-08-20,2401.813720703125,2619.39990234375,2630.0,2476.0,2490.0,5779927
2021-08-23,2415.33837890625,2634.14990234375,2672.85009765625,2594.5,2625.0,2163220
2021-08-24,2414.283935546875,2633.0,2658.0,2610.0,2634.0,1482854
2021-08-25,2425.286865234375,2645.0,2666.449951171875,2620.64990234375,2632.0,1746570
2021-08-26,2444.909423828125,2666.39990234375,2697.800048828125,2631.0,2631.0,2117291
2021-08-27,2455.499755859375,2677.949951171875,2690.0,2651.10009765625,2669.0,1176229
2021-08-30,2464.43994140625,2687.699951171875,2705.75,2671.60009765625,2691.60009765625,1168190
2021-08-31,2497.81640625,2724.10009765625,2737.449951171875,2675.64990234375,2687.89990234375,2535891
2021-09-01,2505.88525390625,2732.89990234375,2775.0,2715.0,2745.0,1775792
2021-09-02,2568.374267578125,2801.050048828125,2810.0,2730.14990234375,2748.0,1946183
2021-09-03,2536.8779296875,2766.699951171875,2808.75,2756.0,2802.199951171875,1561823
2021-09-06,2549.623046875,2780.60009765625,2825.0,2775.300048828125,2790.0,1444978
2021-09-07,2546.964111328125,2777.699951171875,2808.699951171875,2770.0,2788.60009765625,1219915
2021-09-08,2568.236572265625,2800.89990234375,2810.0,2765.10009765625,2788.89990234375,946711
2021-09-09,2577.177001953125,2810.64990234375,2823.64990234375,2782.0,2782.0,879454
2021-09-13,2554.89501953125,2786.35009765625,2822.449951171875,2775.0,2797.5,1341412
2021-09-14,2533.072265625,2762.550048828125,2804.0,2751.050048828125,2802.0,1755061
2021-09-15,2544.90087890625,2775.449951171875,2785.0,2749.050048828125,2774.0,1362350
2021-09-16,2538.299072265625,2768.25,2797.300048828125,2752.0,2752.0,1259196
2021-09-17,2496.1201171875,2722.25,2783.0,2699.0,2770.10009765625,3095032
2021-09-20,2567.732421875,2800.35009765625,2809.0,2710.050048828125,2720.0,2671330
2021-09-21,2578.827392578125,2812.449951171875,2859.300048828125,2796.64990234375,2810.0,2277437
2021-09-22,2553.19921875,2784.5,2839.89990234375,2774.0,2827.89990234375,1580594
2021-09-23,2551.181884765625,2782.300048828125,2817.699951171875,2772.85009765625,2799.0,1054473
2021-09-24,2518.492919921875,2746.64990234375,2780.0,2731.39990234375,2770.10009765625,1635284
2021-09-27,2484.4287109375,2709.5,2765.0,2704.5,2765.0,1465932
2021-09-28,2497.587158203125,2723.85009765625,2754.449951171875,2709.89990234375,2725.0,1078052
2021-09-29,2462.23974609375,2685.300048828125,2744.449951171875,2677.0,2714.949951171875,1503894
2021-09-30,2477.36865234375,2701.800048828125,2705.300048828125,2681.949951171875,2685.300048828125,1620199
2021-10-01,2479.43212890625,2704.050048828125,2712.0,2680.10009765625,2706.0,956111
2021-10-04,2463.064697265625,2686.199951171875,2724.0,2679.699951171875,2700.0,1025005
2021-10-05,2483.64990234375,2708.64990234375,2714.949951171875,2686.0,2686.199951171875,562784
2021-10-06,2462.9267578125,2686.050048828125,2734.0,2676.0,2694.050048828125,862471
2021-10-07,2447.66015625,2669.39990234375,2704.25,2666.0,2698.0,1082816
2021-10-08,2420.748046875,2640.050048828125,2678.550048828125,2625.39990234375,2670.5,1579941
2021-10-11,2425.37841796875,2645.10009765625,2665.5,2635.5,2642.199951171875,1086252
2021-10-12,2453.84912109375,2676.14990234375,2688.050048828125,2625.0,2625.0,1174337
2021-10-13,2426.891357421875,2646.75,2693.60009765625,2642.60009765625,2688.10009765625,1660007
2021-10-14,2429.458984375,2649.550048828125,2676.75,2620.0,2646.75,2158809
2021-10-18,2433.539306640625,2654.0,2678.89990234375,2643.050048828125,2672.800048828125,1758177
2021-10-19,2335.244140625,2546.800048828125,2732.0,2520.5,2669.89990234375,5431133
2021-10-20,2272.7548828125,2478.64990234375,2584.0,2470.0,2569.0,4864654
2021-10-21,2242.588134765625,2445.75,2505.0,2428.0,2503.39990234375,3254632
2021-10-22,2250.24462890625,2454.10009765625,2498.25,2430.0,2459.0,1845622
2021-10-25,2251.84912109375,2455.85009765625,2463.550048828125,2410.0,2454.10009765625,1560381
2021-10-26,2248.158935546875,2436.85009765625,2468.89990234375,2417.050048828125,2468.89990234375,1595060
2021-10-27,2211.02587890625,2396.60009765625,2455.199951171875,2391.14990234375,2455.0,3083879
2021-10-28,2204.613525390625,2389.64990234375,2416.0,2368.0,2400.0,2015791
2021-10-29,2207.84228515625,2393.14990234375,2402.0,2373.0,2400.0,2453400
2021-11-01,2220.71240234375,2407.10009765625,2410.89990234375,2368.25,2393.0,1941114
2021-11-02,2231.5986328125,2418.89990234375,2428.0,2402.0,2415.0,1350154
2021-11-03,2224.633544921875,2411.35009765625,2434.0,2386.199951171875,2434.0,1591607
2021-11-04,2235.242919921875,2422.85009765625,2430.0,2420.0,2429.0,245719
2021-11-08,2243.592041015625,2431.89990234375,2449.0,2400.10009765625,2449.0,2555533
2021-11-09,2242.900146484375,2431.14990234375,2446.199951171875,2416.449951171875,2439.800048828125,1696949
2021-11-10,2214.30029296875,2400.14990234375,2420.0,2396.0,2411.050048828125,1794509
2021-11-11,2192.204833984375,2376.199951171875,2406.949951171875,2366.199951171875,2402.699951171875,1282647
2021-11-12,2218.728759765625,2404.949951171875,2413.60009765625,2376.199951171875,2388.0,1651974
2021-11-15,2236.99609375,2424.75,2430.0,2404.10009765625,2404.10009765625,1007999
2021-11-16,2220.29736328125,2406.64990234375,2434.64990234375,2400.10009765625,2434.64990234375,1245209
2021-11-17,2205.99755859375,2391.14990234375,2410.050048828125,2387.199951171875,2404.0,956809
2021-11-18,2213.60888671875,2399.39990234375,2406.35009765625,2370.0,2390.0,1236943
2021-11-22,2203.5986328125,2388.550048828125,2409.89990234375,2377.14990234375,2409.39990234375,1629290
2021-11-23,2208.8115234375,2394.199951171875,2400.0,2336.5,2387.800048828125,1932539
2021-11-24,2190.867431640625,2374.75,2406.0,2367.0,2406.0,999070
2021-11-25,2167.157470703125,2349.050048828125,2387.0,2341.0,2387.0,1363272
2021-11-26,2154.2880859375,2335.10009765625,2365.0,2325.199951171875,2344.0,2450902
2021-11-29,2149.02880859375,2329.39990234375,2342.25,2284.699951171875,2334.39990234375,1724612
2021-11-30,2138.0966796875,2317.550048828125,2361.0,2302.0,2322.0,3931035
2021-12-01,2163.28271484375,2344.85009765625,2356.75,2323.25,2340.0,1263139
2021-12-02,2198.75537109375,2383.300048828125,2388.0,2345.0,2357.0,1673117
2021-12-03,2162.17578125,2343.64990234375,2389.89990234375,2337.89990234375,2383.300048828125,1890178
2021-12-06,2127.90234375,2306.5,2363.949951171875,2301.0,2344.0,1079171
2021-12-07,2141.833251953125,2321.60009765625,2341.64990234375,2312.0,2327.89990234375,895313
2021-12-08,2159.36181640625,2340.60009765625,2344.449951171875,2318.25,2318.25,839769
2021-12-09,2158.577392578125,2339.75,2348.60009765625,2321.550048828125,2341.0,716666
2021-12-10,2152.166015625,2332.800048828125,2347.0,2320.0,2347.0,724539
2021-12-13,2125.918701171875,2304.35009765625,2352.0,2301.0,2352.0,1804894
2021-12-14,2138.788818359375,2318.300048828125,2324.949951171875,2304.0,2305.0,1219031
2021-12-15,2141.2333984375,2320.949951171875,2324.800048828125,2300.5,2316.0,755122
2021-12-16,2130.670166015625,2309.5,2325.300048828125,2303.949951171875,2320.949951171875,926493
2021-12-17,2057.55615234375,2230.25,2308.949951171875,2226.0,2303.0,2439222
2021-12-20,2093.398193359375,2269.10009765625,2274.35009765625,2201.14990234375,2226.0,2175705
2021-12-21,2096.85791015625,2272.85009765625,2302.699951171875,2252.75,2290.0,1591415
2021-12-22,2101.2861328125,2277.64990234375,2317.39990234375,2269.0,2300.0,1661605
2021-12-23,2122.5048828125,2300.64990234375,2305.0,2274.60009765625,2298.949951171875,1423081
2021-12-24,2119.09130859375,2296.949951171875,2313.0,2283.300048828125,2310.0,895503
2021-12-27,2123.197265625,2301.39990234375,2308.10009765625,2278.25,2296.949951171875,584302
2021-12-28,2130.30126953125,2309.10009765625,2318.39990234375,2297.75,2310.0,783710
2021-12-29,2128.22509765625,2306.85009765625,2321.85009765625,2299.050048828125,2314.89990234375,1410236
2021-12-30,2145.523193359375,2325.60009765625,2330.0,2296.64990234375,2308.0,963711
2021-12-31,2177.397705078125,2360.14990234375,2370.35009765625,2330.0,2340.0,1123597
2022-01-03,2178.45947265625,2361.300048828125,2378.0,2353.0,2378.0,879278
2022-01-04,2215.315673828125,2401.25,2408.10009765625,2355.35009765625,2368.949951171875,1484275
2022-01-05,2228.739501953125,2415.800048828125,2420.0,2392.0,2403.800048828125,1202512
2022-01-06,2206.22802734375,2391.39990234375,2412.0,2367.699951171875,2398.0,1198901
2022-01-07,2229.06103515625,2416.14990234375,2421.89990234375,2388.0,2388.0,1026186
2022-01-10,2220.66650390625,2407.050048828125,2425.0,2402.0,2425.0,919447
2022-01-11,2217.529296875,2403.64990234375,2418.300048828125,2392.0,2417.14990234375,1321335
2022-01-12,2226.293701171875,2413.14990234375,2416.0,2398.5,2407.199951171875,1487554
2022-01-13,2227.262451171875,2414.199951171875,2421.89990234375,2403.25,2418.0,1586299
2022-01-14,2180.6728515625,2363.699951171875,2421.0,2360.800048828125,2420.0,1596037
2022-01-17,2204.521728515625,2389.550048828125,2394.199951171875,2345.0,2364.0,912205
2022-01-18,2186.023681640625,2369.5,2408.699951171875,2357.39990234375,2408.699951171875,1667579
2022-01-19,2131.038818359375,2309.89990234375,2368.60009765625,2305.050048828125,2364.0,2145255
2022-01-20,2086.66357421875,2261.800048828125,2325.550048828125,2243.0,2325.0,2829711
2022-01-21,2145.338623046875,2325.39990234375,2334.35009765625,2250.0,2264.800048828125,4596050
2022-01-24,2107.698486328125,2284.60009765625,2344.949951171875,2266.699951171875,2338.89990234375,2231103
2022-01-25,2147.045166015625,2327.25,2333.699951171875,2240.89990234375,2283.5,1843543
2022-01-27,2117.615234375,2295.35009765625,2325.60009765625,2275.0,2310.0,2620474
2022-01-28,2106.729248046875,2283.550048828125,2318.699951171875,2278.050048828125,2294.60009765625,1967721
2022-01-31,2097.68798828125,2273.75,2311.85009765625,2271.0,2290.0,1639875
2022-02-01,2127.11767578125,2305.64990234375,2320.0,2278.39990234375,2303.300048828125,1270508
2022-02-02,2147.644775390625,2327.89990234375,2333.0,2296.550048828125,2324.10009765625,1246111
2022-02-03,2120.198486328125,2298.14990234375,2331.949951171875,2290.0,2329.0,1448039
2022-02-04,2127.994384765625,2306.60009765625,2312.75,2283.0,2306.0,1014561
2022-02-07,2082.788818359375,2257.60009765625,2316.699951171875,2237.0,2295.25,1207402
2022-02-08,2089.015869140625,2264.35009765625,2268.0,2246.550048828125,2268.0,1190660
2022-02-09,2101.2861328125,2277.64990234375,2280.35009765625,2255.60009765625,2267.550048828125,1049611
2022-02-10,2106.35986328125,2283.14990234375,2285.0,2255.85009765625,2280.0,1195100
2022-02-11,2083.15771484375,2258.0,2279.0,2249.0,2279.0,2100036
2022-02-14,2055.988037109375,2228.550048828125,2236.25,2207.0,2220.0,1661501
2022-02-15,2112.77197265625,2290.10009765625,2304.14990234375,2222.550048828125,2247.949951171875,1533070
2022-02-16,2109.451171875,2286.5,2303.75,2275.0,2290.10009765625,995668
2022-02-17,2128.87109375,2307.550048828125,2313.0,2276.0,2282.0,869374
2022-02-18,2133.48388671875,2312.550048828125,2327.800048828125,2294.0,2294.0,890713
2022-02-21,2117.108154296875,2294.800048828125,2304.050048828125,2284.75,2298.0,737919
2022-02-22,2094.182373046875,2269.949951171875,2280.0,2250.10009765625,2280.0,902667
2022-02-23,2085.37158203125,2260.39990234375,2273.949951171875,2252.25,2270.0,1324411
2022-02-24,2003.2630615234375,2171.39990234375,2242.0,2160.300048828125,2200.0,2997629
2022-02-25,2002.617431640625,2170.699951171875,2196.0,2162.14990234375,2195.0,2193728
2022-02-28,2003.9093017578125,2172.10009765625,2179.89990234375,2120.0,2164.0,2334036
2022-03-02,1982.6903076171875,2149.10009765625,2154.800048828125,2123.050048828125,2128.949951171875,2034688
2022-03-03,1929.0889892578125,2091.0,2167.949951171875,2086.60009765625,2157.89990234375,2372998
2022-03-04,1863.1251220703125,2019.5,2077.949951171875,1975.25,2075.0,6320118
2022-03-07,1793.42529296875,1943.949951171875,1980.1500244140625,1927.0,1979.5,2976453
2022-03-08,1798.084228515625,1949.0,1958.0,1901.550048828125,1924.550048828125,3211938
2022-03-09,1843.19775390625,1997.9000244140625,2007.050048828125,1951.0,1964.0,2879079
2022-03-10,1939.191162109375,2101.949951171875,2114.0,2049.0,2051.89990234375,4879791
2022-03-11,1932.2255859375,2094.39990234375,2110.199951171875,2070.0,2100.0,2481643
2022-03-14,1899.843505859375,2059.300048828125,2095.0,2046.0999755859375,2095.0,1730325
2022-03-15,1880.3773193359375,2038.199951171875,2080.800048828125,2025.0,2045.0,2391023
2022-03-16,1911.6982421875,2072.14990234375,2080.0,2032.050048828125,2060.0,2808685
2022-03-17,1939.2833251953125,2102.050048828125,2116.699951171875,2082.35009765625,2098.10009765625,2995889
2022-03-21,1892.3707275390625,2051.199951171875,2110.89990234375,2046.0,2106.5,1674982
2022-03-22,1839.138671875,1993.5,2053.75,1969.0,2053.75,5356303
2022-03-23,1825.3460693359375,1978.550048828125,2016.550048828125,1975.25,2012.0,3212162
2022-03-24,1813.67578125,1965.9000244140625,1991.3499755859375,1951.3499755859375,1970.0,3054664
2022-03-25,1801.774658203125,1953.0,1977.0,1945.0,1974.9000244140625,2233647
2022-03-28,1822.1632080078125,1975.0999755859375,1980.800048828125,1931.300048828125,1959.949951171875,1794533
2022-03-29,1833.188232421875,1987.050048828125,1994.8499755859375,1974.050048828125,1980.0,1249125
2022-03-30,1859.8040771484375,2015.9000244140625,2019.0,1995.050048828125,2000.0,1476829
2022-03-31,1890.0181884765625,2048.64990234375,2054.0,2018.0,2019.4000244140625,2540524
2022-04-01,1917.233642578125,2078.14990234375,2085.85009765625,2038.4000244140625,2054.89990234375,1714996
2022-04-04,1963.6390380859375,2128.449951171875,2132.449951171875,2070.199951171875,2078.0,1693019
2022-04-05,1974.1099853515625,2139.800048828125,2158.0,2127.0,2144.5,1277652
2022-04-06,1976.186279296875,2142.050048828125,2164.39990234375,2121.300048828125,2135.0,1736115
2022-04-07,1997.174560546875,2164.800048828125,2175.0,2135.10009765625,2139.949951171875,1824732
2022-04-08,2014.011474609375,2183.050048828125,2193.5,2163.5,2177.699951171875,1693462
2022-04-11,1995.5601806640625,2163.050048828125,2194.10009765625,2138.89990234375,2188.0,1380107
2022-04-12,1967.14453125,2132.25,2165.0,2125.0,2140.89990234375,1370233
2022-04-13,1985.5035400390625,2152.14990234375,2165.0,2130.699951171875,2137.699951171875,1071601
2022-04-18,2009.0291748046875,2177.64990234375,2182.89990234375,2135.050048828125,2148.0,1828131
2022-04-19,1949.431640625,2113.050048828125,2206.85009765625,2101.050048828125,2185.699951171875,1775996
2022-04-20,1997.3126220703125,2164.949951171875,2168.64990234375,2092.699951171875,2114.39990234375,1511804
2022-04-21,2027.757568359375,2197.949951171875,2203.75,2168.0,2185.0,2244813
2022-04-22,1962.2550048828125,2126.949951171875,2189.0,2120.0,2182.0,3520828
2022-04-25,1938.0838623046875,2100.75,2162.0,2047.0,2100.0,2437310
2022-04-26,1981.9981689453125,2148.35009765625,2157.949951171875,2121.0,2142.199951171875,1447088
2022-04-27,1978.999755859375,2145.10009765625,2152.39990234375,2103.5,2147.800048828125,2214481
2022-04-28,2068.25830078125,2241.85009765625,2250.0,2165.0,2230.0,5865359
2022-04-29,2061.80029296875,2234.85009765625,2290.0,2222.550048828125,2244.39990234375,2678692
2022-05-02,2057.786865234375,2230.5,2252.0,2205.89990234375,2220.0,1543544
2022-05-04,2003.4019775390625,2171.550048828125,2250.85009765625,2148.64990234375,2241.949951171875,1608395
2022-05-05,1998.8350830078125,2166.60009765625,2201.949951171875,2153.60009765625,2178.0,1101451
2022-05-06,1982.7821044921875,2149.199951171875,2170.0,2106.199951171875,2125.0,1585602
2022-05-09,1952.7525634765625,2116.64990234375,2139.39990234375,2110.14990234375,2121.5,1341414
2022-05-10,2011.5665283203125,2180.39990234375,2197.89990234375,2119.0,2134.0,2162232
2022-05-11,1995.9747314453125,2163.5,2189.699951171875,2116.0,2185.0,1858636
2022-05-12,1973.1873779296875,2138.800048828125,2164.85009765625,2109.199951171875,2164.85009765625,1531515
2022-05-13,2024.2054443359375,2194.10009765625,2218.0,2154.14990234375,2170.0,2057239
2022-05-16,2045.5628662109375,2217.25,2221.949951171875,2172.300048828125,2200.0,1396818
2022-05-17,2071.16455078125,2245.0,2277.0,2221.300048828125,2237.89990234375,2055096
2022-05-18,2113.970947265625,2291.39990234375,2302.0,2236.10009765625,2236.10009765625,2137455
2022-05-19,2089.2001953125,2264.550048828125,2283.800048828125,2245.449951171875,2245.60009765625,1734602
2022-05-20,2145.846435546875,2325.949951171875,2348.0,2282.699951171875,2290.0,2599505
2022-05-23,2195.526611328125,2379.800048828125,2388.0,2306.35009765625,2309.0,2363306
2022-05-24,2130.80810546875,2309.64990234375,2380.0,2302.050048828125,2380.0,3078655
2022-05-25,2120.706298828125,2298.699951171875,2329.949951171875,2286.5,2329.949951171875,1884260
2022-05-26,2103.63916015625,2280.199951171875,2296.0,2258.0,2290.14990234375,2299127
2022-05-27,2150.1357421875,2330.60009765625,2334.89990234375,2280.5,2297.0,1011303
2022-05-30,2167.065185546875,2348.949951171875,2365.0,2331.0,2342.199951171875,939562
2022-05-31,2171.0322265625,2353.25,2367.89990234375,2303.89990234375,2360.0,3123979
2022-06-01,2129.701171875,2308.449951171875,2413.800048828125,2302.0,2370.0,2197599
2022-06-02,2107.8828125,2284.800048828125,2306.949951171875,2257.14990234375,2295.0,1460335
2022-06-03,2114.478759765625,2291.949951171875,2324.949951171875,2265.14990234375,2284.0,1845303
2022-06-06,2103.915283203125,2280.5,2301.949951171875,2247.60009765625,2272.199951171875,2131405
2022-06-07,2040.3507080078125,2211.60009765625,2259.85009765625,2207.050048828125,2250.0,2034730
2022-06-08,2026.9273681640625,2197.050048828125,2218.949951171875,2186.0,2215.0,1506843
2022-06-09,2027.52685546875,2197.699951171875,2208.35009765625,2170.75,2197.0,1497867
2022-06-10,2029.5562744140625,2199.89990234375,2208.85009765625,2162.800048828125,2163.0,1641981
2022-06-13,2026.788818359375,2196.89990234375,2217.0,2156.0,2168.0,1519441
2022-06-14,2002.8944091796875,2171.0,2213.949951171875,2160.0,2190.85009765625,1592475
2022-06-15,1997.8218994140625,2146.550048828125,2158.89990234375,2131.0,2158.699951171875,1432377
2022-06-16,1997.9613037109375,2146.699951171875,2164.0,2135.050048828125,2145.0,1353485
2022-06-17,1964.223388671875,2110.449951171875,2160.39990234375,2100.0,2160.0,3252189
2022-06-20,2043.752685546875,2195.89990234375,2202.89990234375,2108.14990234375,2111.0,2022000
2022-06-21,2052.22216796875,2205.0,2232.0,2172.14990234375,2195.0,1606187
2022-06-22,2050.220947265625,2202.85009765625,2224.89990234375,2186.050048828125,2189.199951171875,1741378
2022-06-23,2096.524169921875,2252.60009765625,2257.35009765625,2192.10009765625,2208.0,1585753
2022-06-24,2144.26953125,2303.89990234375,2318.800048828125,2260.050048828125,2265.0,1930048
2022-06-27,2159.85888671875,2320.64990234375,2331.85009765625,2298.050048828125,2315.85009765625,1450391
2022-06-28,2157.06689453125,2317.64990234375,2324.0,2277.85009765625,2320.64990234375,1404108
2022-06-29,2078.700927734375,2233.449951171875,2299.89990234375,2225.0,2296.199951171875,1682914
2022-06-30,2076.048583984375,2230.60009765625,2249.0,2213.39990234375,2224.89990234375,2387212
2022-07-01,2124.213134765625,2282.35009765625,2293.0,2203.60009765625,2226.0,1235612
2022-07-04,2210.62939453125,2375.199951171875,2378.300048828125,2276.0,2276.0,2410245
2022-07-05,2235.10693359375,2401.5,2412.0,2371.60009765625,2384.5,2463079
2022-07-06,2325.29296875,2498.39990234375,2509.10009765625,2400.0,2400.0,4770394
2022-07-07,2301.606689453125,2472.949951171875,2531.0,2465.5,2505.0,3333262
2022-07-08,2323.8505859375,2496.85009765625,2503.800048828125,2452.800048828125,2476.449951171875,1346970
2022-07-11,2318.033935546875,2490.60009765625,2525.0,2480.0,2487.0,1587197
2022-07-12,2279.828125,2449.550048828125,2490.60009765625,2444.449951171875,2475.0,1116476
2022-07-13,2324.688232421875,2497.75,2519.35009765625,2461.39990234375,2464.0,2528792
2022-07-14,2324.734619140625,2497.800048828125,2522.89990234375,2468.199951171875,2502.75,1663307
2022-07-15,2390.536376953125,2568.5,2573.89990234375,2502.050048828125,2530.0,2996964
2022-07-18,2376.575927734375,2553.5,2605.0,2533.050048828125,2581.0,1566888
2022-07-19,2390.02392578125,2567.949951171875,2575.0,2522.75,2549.949951171875,1473121
2022-07-20,2424.0419921875,2604.5,2618.0,2535.60009765625,2575.0,4012897
2022-07-21,2426.78759765625,2607.449951171875,2629.89990234375,2591.699951171875,2617.0,1990695
2022-07-22,2457.64111328125,2640.60009765625,2643.199951171875,2611.050048828125,2617.0,1905780
2022-07-25,2441.818359375,2623.60009765625,2654.0,2612.0,2645.5,1253821
2022-07-26,2370.619140625,2547.10009765625,2625.0,2538.10009765625,2625.0,1685576
2022-07-27,2403.05419921875,2581.949951171875,2590.5,2525.0,2535.35009765625,1404133
2022-07-28,2438.561279296875,2620.10009765625,2625.0,2585.0,2625.0,1442054
2022-07-29,2454.661865234375,2637.39990234375,2645.0,2596.0,2640.0,1463059
2022-08-01,2413.3388671875,2593.0,2638.0,2580.0,2637.5,1559918
2022-08-02,2452.6611328125,2635.25,2639.10009765625,2599.0,2600.0,1359934
2022-08-03,2444.378173828125,2626.35009765625,2664.0,2597.89990234375,2615.25,1767904
2022-08-04,2445.866943359375,2627.949951171875,2643.449951171875,2615.0,2634.0,1189384
2022-08-05,2462.10791015625,2645.39990234375,2657.64990234375,2627.550048828125,2638.0,1176666
2022-08-08,2466.715087890625,2650.35009765625,2658.0,2626.050048828125,2645.39990234375,1024511
2022-08-10,2459.688232421875,2642.800048828125,2676.699951171875,2631.199951171875,2650.35009765625,1098949
2022-08-11,2432.604248046875,2613.699951171875,2667.75,2606.60009765625,2656.050048828125,810674
2022-08-12,2415.1533203125,2594.949951171875,2626.10009765625,2585.10009765625,2624.89990234375,1473527
2022-08-16,2461.2705078125,2644.5,2648.35009765625,2590.550048828125,2607.949951171875,1584117
2022-08-17,2498.638671875,2684.64990234375,2694.0,2644.5,2651.0,1711381
2022-08-18,2496.21875,2682.050048828125,2715.0,2664.64990234375,2685.0,1465489
2022-08-19,2452.01025390625,2634.550048828125,2698.949951171875,2626.5,2689.0,1324508
2022-08-22,2444.703857421875,2626.699951171875,2666.800048828125,2620.10009765625,2648.0,1410895
2022-08-23,2413.10595703125,2592.75,2629.699951171875,2585.25,2602.050048828125,1305045
2022-08-24,2408.917724609375,2588.25,2610.0,2561.300048828125,2576.0,1242489
2022-08-25,2395.84130859375,2574.199951171875,2628.39990234375,2565.449951171875,2601.199951171875,1106593
2022-08-26,2393.375244140625,2571.550048828125,2614.699951171875,2562.0,2599.89990234375,1048791
2022-08-29,2397.33056640625,2575.800048828125,2607.89990234375,2550.0,2550.0,1450034
2022-08-30,2475.55712890625,2659.85009765625,2667.0,2585.60009765625,2588.699951171875,2227943
2022-09-01,2425.43798828125,2606.0,2655.0,2594.0,2650.0,1702269
2022-09-02,2423.20458984375,2603.60009765625,2623.0,2585.0,2615.0,937600
2022-09-05,2420.412353515625,2600.60009765625,2622.39990234375,2586.10009765625,2597.0,1274074
2022-09-06,2394.817626953125,2573.10009765625,2620.0,2563.0,2591.199951171875,1250776
2022-09-07,2386.906494140625,2564.60009765625,2596.89990234375,2560.800048828125,2571.800048828125,1344964
2022-09-08,2398.586669921875,2577.14990234375,2596.0,2563.0,2580.0,1004533
2022-09-09,2409.336669921875,2588.699951171875,2647.0,2583.449951171875,2598.0,1785443
2022-09-12,2401.611328125,2580.39990234375,2605.0,2574.0,2591.0,1595709
2022-09-13,2407.382080078125,2586.60009765625,2609.0,2579.0,2598.0,1342130
2022-09-14,2393.235107421875,2571.39990234375,2606.0,2546.699951171875,2550.0,1610054
2022-09-15,2382.9970703125,2560.39990234375,2598.800048828125,2551.0,2580.0,1199906
2022-09-16,2352.98193359375,2528.14990234375,2563.85009765625,2518.64990234375,2555.0,2516820
2022-09-19,2400.54150390625,2579.25,2588.0,2508.050048828125,2531.0,1166725
2022-09-20,2404.543212890625,2583.550048828125,2621.5,2579.60009765625,2598.60009765625,1253333
2022-09-21,2441.818359375,2623.60009765625,2646.75,2580.0,2582.0,1960049
2022-09-22,2506.17724609375,2692.75,2701.25,2620.050048828125,2623.10009765625,2620240
2022-09-23,2496.21875,2682.050048828125,2723.75,2674.0,2697.89990234375,1789791
2022-09-26,2476.208740234375,2660.550048828125,2729.0,2643.050048828125,2668.5,2678551
2022-09-27,2493.612548828125,2679.25,2713.75,2653.39990234375,2676.0,1898501
2022-09-28,2514.87939453125,2702.10009765625,2708.75,2652.050048828125,2669.949951171875,1526197
2022-09-29,2513.436767578125,2700.550048828125,2727.0,2691.10009765625,2711.10009765625,2019666
2022-09-30,2509.62060546875,2696.449951171875,2714.89990234375,2667.89990234375,2707.0,1340054
2022-10-03,2440.794677734375,2622.5,2734.0,2617.550048828125,2723.0,1683197
2022-10-04,2483.095458984375,2667.949951171875,2676.5,2634.14990234375,2650.0,1327939
2022-10-06,2432.884033203125,2614.0,2692.300048828125,2605.050048828125,2681.300048828125,1752351
2022-10-07,2419.57470703125,2599.699951171875,2613.0,2575.0,2611.89990234375,1025923
2022-10-10,2425.065673828125,2605.60009765625,2610.699951171875,2542.0,2570.0,1043728
2022-10-11,2373.9228515625,2550.64990234375,2610.550048828125,2545.0,2610.0,1129783
2022-10-12,2411.803466796875,2591.35009765625,2604.60009765625,2554.199951171875,2563.449951171875,882873
2022-10-13,2388.58154296875,2566.39990234375,2607.14990234375,2562.89990234375,2583.0,753331
2022-10-14,2397.33056640625,2575.800048828125,2624.89990234375,2570.199951171875,2590.0,1001536
2022-10-17,2411.058349609375,2590.550048828125,2609.949951171875,2568.0,2573.60009765625,778918
2022-10-18,2421.94775390625,2602.25,2642.0,2597.0,2620.0,1123374
2022-10-19,2404.03173828125,2583.0,2617.5,2578.39990234375,2615.300048828125,1241979
2022-10-20,2420.691650390625,2600.89990234375,2610.0,2568.14990234375,2568.14990234375,1428125
2022-10-21,2470.019287109375,2653.89990234375,2666.75,2606.0,2606.0,2458302
2022-10-24,2394.817626953125,2573.10009765625,2640.0,2550.0,2610.10009765625,719908
2022-10-25,2331.808349609375,2505.39990234375,2586.0,2500.0,2586.0,2923789
2022-10-27,2344.466064453125,2519.0,2530.0,2488.0,2494.0,1846329
2022-10-28,2349.352294921875,2524.25,2550.89990234375,2512.0,2526.10009765625,1164951
2022-10-31,2373.969482421875,2550.699951171875,2572.0,2542.050048828125,2545.0,1324443
2022-11-01,2390.928466796875,2551.800048828125,2575.85009765625,2547.60009765625,2569.0,1280132
2022-11-02,2359.54052734375,2518.300048828125,2564.0,2501.39990234375,2564.0,1338284
2022-11-03,2385.82177734375,2546.35009765625,2549.0,2508.300048828125,2515.699951171875,730444
2022-11-04,2361.46142578125,2520.35009765625,2546.0,2515.25,2544.949951171875,889055
2022-11-07,2373.12646484375,2532.800048828125,2552.0,2517.0,2531.10009765625,1283685
2022-11-09,2350.63916015625,2508.800048828125,2544.89990234375,2492.64990234375,2510.0,1436444
2022-11-10,2355.136962890625,2513.60009765625,2538.0,2501.050048828125,2504.0,1459152
2022-11-11,2345.251953125,2503.050048828125,2546.800048828125,2495.0,2545.0,1162847
2022-11-14,2302.8544921875,2457.800048828125,2513.75,2455.14990234375,2506.800048828125,2137131
2022-11-15,2302.5732421875,2457.5,2469.0,2444.14990234375,2457.800048828125,1558333
2022-11-16,2321.64013671875,2477.85009765625,2483.0,2428.10009765625,2463.550048828125,1330395
2022-11-17,2304.916015625,2460.0,2498.0,2454.25,2479.949951171875,960476
2022-11-18,2327.12158203125,2483.699951171875,2488.550048828125,2448.85009765625,2470.0,1075675
2022-11-21,2343.705810546875,2501.39990234375,2512.0,2470.050048828125,2483.699951171875,1354881
2022-11-22,2357.104248046875,2515.699951171875,2524.0,2497.0,2505.89990234375,921265
2022-11-23,2349.281005859375,2507.35009765625,2525.0,2502.0,2521.0,734152
2022-11-24,2388.4453125,2549.14990234375,2560.0,2511.14990234375,2517.0,999929
2022-11-25,2377.483154296875,2537.449951171875,2555.39990234375,2518.199951171875,2555.0,783480
2022-11-28,2366.005615234375,2525.199951171875,2542.5,2521.800048828125,2527.0,830905
2022-11-29,2468.1337890625,2634.199951171875,2639.949951171875,2527.199951171875,2527.199951171875,2542932
2022-11-30,2515.122314453125,2684.35009765625,2698.0,2623.0,2634.0,3698270
2022-12-01,2494.977783203125,2662.85009765625,2683.0,2646.85009765625,2680.0,1675569
2022-12-02,2450.238037109375,2615.10009765625,2660.0,2607.14990234375,2660.0,2101890
2022-12-05,2454.688232421875,2619.85009765625,2625.0,2585.14990234375,2600.0,1640511
2022-12-06,2487.201171875,2654.550048828125,2659.949951171875,2603.85009765625,2606.800048828125,1484562
2022-12-07,2536.672119140625,2707.35009765625,2719.800048828125,2656.25,2660.050048828125,2368561
2022-12-08,2534.891845703125,2705.449951171875,2711.050048828125,2685.75,2695.050048828125,1314703
2022-12-09,2550.63330078125,2722.25,2741.60009765625,2711.25,2724.699951171875,1883397
2022-12-12,2545.9482421875,2717.25,2724.0,2688.64990234375,2702.199951171875,1163204
2022-12-13,2539.43603515625,2710.300048828125,2720.0,2697.800048828125,2717.0,1265839
2022-12-14,2515.4033203125,2684.64990234375,2720.0,2671.35009765625,2720.0,886858
2022-12-15,2495.352294921875,2663.25,2683.25,2648.449951171875,2668.35009765625,990722
2022-12-16,2502.895263671875,2671.300048828125,2687.699951171875,2653.300048828125,2668.0,1793864
2022-12-19,2546.74462890625,2718.10009765625,2720.0,2671.300048828125,2671.300048828125,1546941
2022-12-20,2505.93994140625,2674.550048828125,2706.050048828125,2653.25,2706.0,827567
2022-12-21,2498.116455078125,2666.199951171875,2695.14990234375,2650.10009765625,2687.949951171875,779092
2022-12-22,2478.5810546875,2645.35009765625,2688.5,2642.0,2676.5,852567
2022-12-23,2455.859375,2621.10009765625,2649.550048828125,2608.050048828125,2632.0,1189702
2022-12-26,2452.439697265625,2617.449951171875,2637.85009765625,2606.75,2620.949951171875,605144
2022-12-27,2429.765380859375,2593.25,2634.89990234375,2575.25,2625.0,870960
2022-12-28,2420.7236328125,2583.60009765625,2603.10009765625,2578.10009765625,2593.0,822651
2022-12-29,2406.153564453125,2568.050048828125,2583.300048828125,2539.39990234375,2580.25,1345863
2022-12-30,2399.595458984375,2561.050048828125,2586.449951171875,2555.199951171875,2579.949951171875,696432
2023-01-02,2397.1123046875,2558.39990234375,2580.050048828125,2538.050048828125,2573.89990234375,681703
2023-01-03,2381.793212890625,2542.050048828125,2562.0,2535.0,2550.050048828125,821843
2023-01-04,2376.21826171875,2536.10009765625,2558.39990234375,2527.050048828125,2550.5,1672649
2023-01-05,2420.8173828125,2583.699951171875,2591.949951171875,2537.5,2537.550048828125,2008493
2023-01-06,2414.024658203125,2576.449951171875,2611.89990234375,2574.89990234375,2580.0,991782
2023-01-09,2458.62353515625,2624.050048828125,2629.449951171875,2570.0,2589.35009765625,1267078
2023-01-10,2477.175537109375,2643.85009765625,2653.35009765625,2615.10009765625,2624.050048828125,1413088
2023-01-11,2429.765380859375,2593.25,2647.85009765625,2588.10009765625,2644.0,1471687
2023-01-12,2426.76708984375,2590.050048828125,2602.60009765625,2572.75,2586.10009765625,1703829
2023-01-13,2458.576904296875,2624.0,2639.25,2566.64990234375,2590.199951171875,1348015
2023-01-16,2433.37255859375,2597.10009765625,2627.949951171875,2584.0,2627.949951171875,930068
2023-01-17,2499.38134765625,2667.550048828125,2675.0,2601.800048828125,2605.449951171875,1892865
2023-01-18,2516.85546875,2686.199951171875,2693.5,2660.0,2668.0,2038075
2023-01-19,2482.70361328125,2649.75,2679.300048828125,2611.89990234375,2670.10009765625,1649842
2023-01-20,2388.07080078125,2548.75,2605.0,2536.050048828125,2550.0,4569549
2023-01-23,2432.716796875,2596.39990234375,2604.0,2552.0,2560.0,1388360
2023-01-24,2436.558349609375,2600.5,2610.0,2580.800048828125,2604.0,1462462
2023-01-25,2457.031005859375,2622.35009765625,2642.0,2594.0,2600.5,1591810
2023-01-27,2447.4736328125,2612.14990234375,2646.550048828125,2578.199951171875,2635.5,1581382
2023-01-30,2406.247314453125,2568.14990234375,2610.0,2530.199951171875,2610.0,2744039
2023-01-31,2414.3056640625,2576.75,2590.199951171875,2541.199951171875,2568.0,2366794
2023-02-01,2411.963134765625,2574.25,2603.0,2546.85009765625,2600.199951171875,2014615
2023-02-02,2468.74267578125,2634.85009765625,2639.75,2563.0,2569.5,1980667
2023-02-03,2481.766357421875,2648.75,2657.449951171875,2631.14990234375,2640.0,1638238
2023-02-06,2471.319580078125,2637.60009765625,2645.0,2599.75,2631.0,1697446
2023-02-07,2437.214111328125,2601.199951171875,2645.550048828125,2595.300048828125,2645.0,1495745
2023-02-08,2419.973876953125,2582.800048828125,2607.5,2578.35009765625,2592.699951171875,1061956
2023-02-09,2423.6279296875,2586.699951171875,2599.89990234375,2566.0,2587.0,1102484
2023-02-10,2415.008056640625,2577.5,2586.64990234375,2555.35009765625,2585.0,1523011
2023-02-13,2418.28759765625,2581.0,2590.75,2550.0,2560.0,1146525
2023-02-14,2416.9755859375,2579.60009765625,2602.0,2570.199951171875,2585.0,1944364
2023-02-15,2387.789794921875,2548.449951171875,2571.800048828125,2537.0,2550.0,2009134
2023-02-16,2367.78564453125,2527.10009765625,2561.89990234375,2522.85009765625,2560.0,1982857
2023-02-17,2356.917236328125,2515.5,2546.25,2506.89990234375,2525.0,1395341
2023-02-20,2353.122314453125,2511.449951171875,2543.0,2508.199951171875,2518.0,632091
2023-02-21,2357.52587890625,2516.14990234375,2543.949951171875,2512.300048828125,2528.0,862797
2023-02-22,2336.819091796875,2494.050048828125,2523.550048828125,2482.75,2516.14990234375,885515
2023-02-23,2333.633544921875,2490.64990234375,2515.89990234375,2480.10009765625,2492.0,757215
2023-02-24,2327.58984375,2484.199951171875,2511.25,2471.949951171875,2492.199951171875,732783
2023-02-27,2312.55224609375,2468.14990234375,2487.0,2456.0,2487.0,853991
2023-02-28,2305.524658203125,2460.64990234375,2474.35009765625,2435.64990234375,2469.75,1780454
2023-03-01,2310.771728515625,2466.25,2470.0,2448.0,2458.0,967339
2023-03-02,2300.55908203125,2455.35009765625,2470.0,2444.0,2466.25,827174
2023-03-03,2315.222412109375,2471.0,2489.89990234375,2455.64990234375,2466.0,1176008
2023-03-06,2328.19921875,2484.85009765625,2498.85009765625,2475.60009765625,2481.949951171875,1214503
2023-03-08,2328.43310546875,2485.10009765625,2501.39990234375,2467.199951171875,2487.0,1448340
2023-03-09,2306.22705078125,2461.39990234375,2491.949951171875,2456.89990234375,2484.85009765625,1038910
2023-03-10,2310.022216796875,2465.449951171875,2470.5,2445.10009765625,2450.0,772024
2023-03-13,2300.32470703125,2455.10009765625,2488.5,2445.0,2466.0,1314549
2023-03-14,2288.47216796875,2442.449951171875,2472.0,2439.75,2462.0,1250763
2023-03-15,2254.413818359375,2406.10009765625,2459.5,2393.0,2451.89990234375,1738040
2023-03-16,2304.306884765625,2459.35009765625,2469.300048828125,2407.75,2424.949951171875,1628035
2023-03-17,2293.10986328125,2447.39990234375,2483.199951171875,2439.800048828125,2471.64990234375,2127178
2023-03-20,2352.887939453125,2511.199951171875,2516.64990234375,2425.0,2447.39990234375,1561128
2023-03-21,2307.351806640625,2462.60009765625,2523.25,2458.75,2515.0,1595161
2023-03-22,2320.235107421875,2476.35009765625,2481.39990234375,2454.39990234375,2472.60009765625,1063244
2023-03-23,2328.43310546875,2485.10009765625,2500.050048828125,2466.0,2475.0,1578627
2023-03-24,2324.404541015625,2480.800048828125,2497.89990234375,2470.0,2472.199951171875,1449326
2023-03-27,2341.45703125,2499.0,2505.0,2464.0,2485.0,1387736
2023-03-28,2326.2783203125,2482.800048828125,2513.5,2471.89990234375,2509.800048828125,1412387
2023-03-29,2371.29931640625,2530.85009765625,2539.800048828125,2480.050048828125,2485.0,2613254
2023-03-31,2398.939453125,2560.35009765625,2568.449951171875,2516.550048828125,2558.800048828125,2146167
2023-04-03,2376.21826171875,2536.10009765625,2570.0,2515.050048828125,2570.0,918048
2023-04-05,2419.92724609375,2582.75,2588.550048828125,2502.0,2512.5,1489612
2023-04-06,2403.530517578125,2565.25,2585.0,2553.0,2575.0,797414
2023-04-10,2372.517333984375,2532.14990234375,2568.949951171875,2525.0,2565.25,853322
2023-04-11,2387.1337890625,2547.75,2555.0,2533.0,2540.0,913184
2023-04-12,2369.51904296875,2528.949951171875,2556.0,2518.64990234375,2556.0,1109809
2023-04-13,2376.311767578125,2536.199951171875,2562.35009765625,2525.0,2525.0,1261711
2023-04-17,2390.9755859375,2551.85009765625,2579.0,2541.39990234375,2573.0,1566977
2023-04-18,2380.856201171875,2541.050048828125,2560.0,2530.0,2560.0,1474786
2023-04-19,2372.00244140625,2531.60009765625,2548.0,2510.25,2548.0,1320243
2023-04-20,2335.460693359375,2492.60009765625,2532.39990234375,2480.0,2517.800048828125,1401364
2023-04-21,2340.473388671875,2497.949951171875,2509.5,2485.64990234375,2492.0,1206288
2023-04-24,2342.159423828125,2499.75,2504.89990234375,2475.10009765625,2502.0,1735797
2023-04-25,2333.446044921875,2490.449951171875,2499.75,2478.050048828125,2490.85009765625,1701098
2023-04-26,2352.51318359375,2510.800048828125,2518.0,2482.199951171875,2490.0,1245903
2023-04-27,2313.3017578125,2468.949951171875,2522.0,2457.0,2513.949951171875,2743893
2023-04-28,2302.3857421875,2457.300048828125,2467.800048828125,2419.0,2436.050048828125,3761927
2023-05-02,2297.138916015625,2451.699951171875,2478.0,2450.0,2471.800048828125,1760370
2023-05-03,2329.276611328125,2486.0,2490.0,2452.64990234375,2456.949951171875,1258140
2023-05-04,2348.71875,2506.75,2509.35009765625,2480.14990234375,2486.949951171875,1150227
2023-05-05,2343.096435546875,2500.75,2520.0,2494.699951171875,2500.0,1354871
2023-05-08,2357.66650390625,2516.300048828125,2526.85009765625,2497.14990234375,2505.75,972810
2023-05-09,2357.19775390625,2515.800048828125,2525.0,2500.050048828125,2525.0,1651327
2023-05-10,2363.662841796875,2522.699951171875,2535.0,2505.85009765625,2521.0,2025658
2023-05-11,2428.96875,2592.39990234375,2599.0,2523.60009765625,2536.949951171875,1749356
2023-05-12,2458.0146484375,2623.39990234375,2640.0,2586.39990234375,2594.0,2170011
2023-05-15,2494.41552734375,2662.25,2670.75,2623.050048828125,2637.949951171875,1561055
2023-05-16,2507.20458984375,2675.89990234375,2678.39990234375,2650.60009765625,2670.0,1477905
2023-05-17,2493.947265625,2661.75,2674.0,2647.050048828125,2672.0,839404
2023-05-18,2461.90283203125,2627.550048828125,2669.199951171875,2621.85009765625,2665.5,1434067
2023-05-19,2474.926513671875,2641.449951171875,2649.0,2600.64990234375,2628.64990234375,1174757
2023-05-22,2471.787841796875,2638.10009765625,2655.449951171875,2623.050048828125,2635.0,768232
2023-05-23,2462.605712890625,2628.300048828125,2649.800048828125,2625.0,2632.0,703864
2023-05-24,2450.09716796875,2614.949951171875,2638.0,2608.0,2620.0,628872
2023-05-25,2433.5126953125,2597.25,2626.14990234375,2580.550048828125,2610.0,1072231
2023-05-26,2485.1396484375,2652.35009765625,2656.699951171875,2603.10009765625,2603.75,947073
2023-05-29,2483.21875,2650.300048828125,2679.550048828125,2645.050048828125,2670.0,698267
2023-05-30,2489.07470703125,2656.550048828125,2665.0,2650.85009765625,2655.5,948051
2023-05-31,2499.38134765625,2667.550048828125,2680.0,2638.0,2656.550048828125,3388305
2023-06-01,2527.818115234375,2697.89990234375,2731.25,2654.5,2667.0,1541080
2023-06-02,2545.432373046875,2716.699951171875,2738.199951171875,2691.64990234375,2710.0,1509260
2023-06-05,2525.850341796875,2695.800048828125,2722.0,2684.14990234375,2716.449951171875,1000190
2023-06-06,2521.493408203125,2691.14990234375,2707.89990234375,2670.14990234375,2700.0,655372
2023-06-07,2544.96435546875,2716.199951171875,2727.0,2679.35009765625,2690.0,1428490
2023-06-08,2510.952392578125,2679.89990234375,2721.550048828125,2674.89990234375,2707.0,923536
2023-06-09,2470.007568359375,2636.199951171875,2688.949951171875,2620.10009765625,2688.949951171875,1413808
2023-06-12,2476.800537109375,2643.449951171875,2657.0,2633.0,2645.0,775484
2023-06-13,2507.20458984375,2675.89990234375,2697.0,2627.5,2629.60009765625,1787924
2023-06-14,2528.614501953125,2698.75,2702.10009765625,2652.0,2671.0,1536248
2023-06-15,2520.134765625,2689.699951171875,2717.5,2678.14990234375,2713.949951171875,1830192
2023-06-16,2544.448974609375,2715.64990234375,2724.0,2683.199951171875,2689.699951171875,1748145
2023-06-19,2534.625,2683.25,2711.39990234375,2675.0,2702.0,1068263
2023-06-20,2527.870849609375,2676.10009765625,2680.39990234375,2648.10009765625,2670.0,1129279
2023-06-21,2528.34326171875,2676.60009765625,2706.85009765625,2668.449951171875,2685.949951171875,1201840
2023-06-22,2507.32568359375,2654.35009765625,2678.0,2648.699951171875,2668.64990234375,830052
2023-06-23,2495.28173828125,2641.60009765625,2660.550048828125,2627.449951171875,2651.300048828125,991214
2023-06-26,2505.200439453125,2652.10009765625,2674.199951171875,2642.14990234375,2642.14990234375,758700
2023-06-27,2504.491943359375,2651.35009765625,2661.60009765625,2636.0,2652.10009765625,687747
2023-06-28,2513.84375,2661.25,2687.60009765625,2642.0,2652.949951171875,1397573
2023-06-30,2529.80712890625,2678.14990234375,2685.89990234375,2651.35009765625,2665.949951171875,1160181
2023-07-03,2551.43896484375,2701.050048828125,2705.85009765625,2659.449951171875,2687.0,980665
2023-07-04,2550.447509765625,2700.0,2706.699951171875,2675.0,2701.050048828125,721907
2023-07-05,2603.20361328125,2755.85009765625,2759.39990234375,2696.10009765625,2699.949951171875,1717547
2023-07-06,2604.38427734375,2757.10009765625,2765.0,2735.64990234375,2759.89990234375,1265020
2023-07-07,2548.65234375,2698.10009765625,2769.64990234375,2691.0,2753.10009765625,1178930
2023-07-10,2509.404052734375,2656.550048828125,2711.35009765625,2651.0,2709.89990234375,1518183
2023-07-11,2535.8056640625,2684.5,2716.75,2646.0,2657.10009765625,2476367
2023-07-12,2525.556640625,2673.64990234375,2704.949951171875,2642.5,2704.949951171875,2395826
2023-07-13,2507.65625,2654.699951171875,2687.449951171875,2651.199951171875,2684.949951171875,1495067
2023-07-14,2528.626708984375,2676.89990234375,2686.5,2651.050048828125,2655.0,1419016
2023-07-17,2533.160888671875,2681.699951171875,2703.199951171875,2670.0,2670.0,912701
2023-07-18,2534.199951171875,2682.800048828125,2701.10009765625,2677.300048828125,2685.550048828125,1215904
2023-07-19,2523.620361328125,2671.60009765625,2696.89990234375,2660.89990234375,2682.75,1166542
2023-07-20,2553.517578125,2703.25,2716.300048828125,2658.199951171875,2669.050048828125,1430764
2023-07-21,2459.7646484375,2604.0,2676.35009765625,2592.0,2650.0,5198952
2023-07-24,2437.330078125,2580.25,2605.949951171875,2575.0,2604.0,1777469
2023-07-25,2425.900390625,2568.14990234375,2586.60009765625,2562.300048828125,2580.199951171875,1653775
2023-07-26,2440.211181640625,2583.300048828125,2598.800048828125,2572.300048828125,2579.5,1300033
2023-07-27,2427.50634765625,2569.85009765625,2583.0,2553.0,2561.0,2276136
2023-07-28,2441.43896484375,2584.60009765625,2593.75,2565.199951171875,2570.0,966450
2023-07-31,2418.957763671875,2560.800048828125,2582.89990234375,2554.0,2575.050048828125,2003252
2023-08-01,2409.794921875,2551.10009765625,2573.800048828125,2545.0,2570.0,1758897
2023-08-02,2426.65576171875,2568.949951171875,2573.449951171875,2536.0,2538.0,2082908
2023-08-03,2409.983642578125,2551.300048828125,2561.050048828125,2537.199951171875,2557.949951171875,1475310
2023-08-04,2404.977294921875,2546.0,2558.949951171875,2535.050048828125,2551.300048828125,1359318
2023-08-07,2426.891845703125,2569.199951171875,2574.0,2538.75,2540.0,803823
2023-08-08,2423.727783203125,2565.85009765625,2585.199951171875,2555.550048828125,2569.199951171875,1002061
2023-08-09,2410.833740234375,2552.199951171875,2568.949951171875,2541.0,2565.85009765625,1212549
2023-08-10,2396.1923828125,2536.699951171875,2551.39990234375,2527.60009765625,2549.050048828125,1313334
2023-08-11,2363.2255859375,2501.800048828125,2536.64990234375,2499.0,2535.0,1472199
2023-08-14,2392.7919921875,2533.10009765625,2540.0,2488.10009765625,2501.800048828125,1060479
2023-08-16,2411.211669921875,2552.60009765625,2555.050048828125,2524.39990234375,2534.0,1155882
2023-08-17,2402.379150390625,2543.25,2560.64990234375,2533.0,2552.60009765625,1532873
2023-08-18,2413.242431640625,2554.75,2567.75,2532.10009765625,2532.10009765625,1970819
2023-08-21,2420.799560546875,2562.75,2574.89990234375,2539.050048828125,2554.75,977004
2023-08-22,2423.6806640625,2565.800048828125,2575.0,2553.0,2573.60009765625,960025
2023-08-23,2431.4736328125,2574.050048828125,2583.5,2562.5,2575.0,1136112
2023-08-24,2438.274658203125,2581.25,2591.75,2566.949951171875,2585.0,1143934
2023-08-25,2421.55517578125,2563.550048828125,2580.699951171875,2551.5,2567.0,802955
2023-08-28,2414.139892578125,2555.699951171875,2568.0,2539.0,2565.0,619841
2023-08-29,2386.226318359375,2526.14990234375,2558.89990234375,2522.10009765625,2558.89990234375,958564
2023-08-30,2391.705322265625,2531.949951171875,2536.0,2520.0,2526.14990234375,1227377
2023-08-31,2366.295654296875,2505.050048828125,2539.800048828125,2491.10009765625,2532.050048828125,3235414
2023-09-01,2366.0595703125,2504.800048828125,2514.5,2500.0,2505.050048828125,813413
2023-09-04,2362.84765625,2501.39990234375,2514.0,2492.0,2514.0,1143301
2023-09-05,2368.1845703125,2507.050048828125,2523.449951171875,2502.10009765625,2510.0,844088
2023-09-06,2383.723388671875,2523.5,2526.10009765625,2507.449951171875,2513.449951171875,1094146
2023-09-07,2368.562255859375,2507.449951171875,2521.85009765625,2500.0,2510.0,1894798
2023-09-08,2374.560791015625,2513.800048828125,2521.050048828125,2501.550048828125,2504.0,1018234
2023-09-11,2395.767333984375,2536.25,2538.89990234375,2509.050048828125,2513.800048828125,1121083
2023-09-12,2360.43896484375,2498.85009765625,2549.0,2488.0,2549.0,3946716
2023-09-13,2367.71240234375,2506.550048828125,2509.0,2492.0,2494.0,1231305
2023-09-14,2362.281005859375,2500.800048828125,2514.0,2493.10009765625,2511.0,2081195
2023-09-15,2332.903564453125,2469.699951171875,2490.0,2466.0,2474.800048828125,3750697
2023-09-18,2350.8037109375,2488.64990234375,2492.949951171875,2462.0,2471.35009765625,1499641
2023-09-20,2330.21142578125,2466.85009765625,2480.0,2445.0,2449.64990234375,1795159
2023-09-21,2336.3515625,2473.35009765625,2483.0,2442.89990234375,2466.0,2223720
2023-09-22,2344.947265625,2482.449951171875,2490.0,2458.0,2468.0,1176741
2023-09-25,2338.712890625,2475.85009765625,2499.699951171875,2460.0,2482.449951171875,1122778
2023-09-26,2341.640869140625,2478.949951171875,2489.0,2461.25,2474.0,1263548
2023-09-27,2363.17822265625,2501.75,2504.800048828125,2469.0,2476.0,1086791
2023-09-28,2324.0712890625,2460.35009765625,2501.0,2453.199951171875,2500.0,1612346
2023-09-29,2329.03076171875,2465.60009765625,2472.800048828125,2450.5,2465.550048828125,1249567
2023-10-03,2332.147705078125,2468.89990234375,2499.0,2461.800048828125,2490.0,1585626
2023-10-04,2368.9404296875,2507.85009765625,2511.050048828125,2465.14990234375,2467.050048828125,1587335
2023-10-05,2379.992431640625,2519.550048828125,2524.800048828125,2495.35009765625,2518.0,1909928
2023-10-06,2360.9580078125,2499.39990234375,2520.0,2494.0,2519.949951171875,1083342
2023-10-09,2372.19921875,2511.300048828125,2516.5,2481.0,2485.0,1468771
2023-10-10,2376.82763671875,2516.199951171875,2520.85009765625,2503.35009765625,2512.199951171875,1092373
2023-10-11,2414.801025390625,2556.39990234375,2563.949951171875,2516.25,2518.35009765625,1697398
2023-10-12,2415.367919921875,2557.0,2567.550048828125,2539.199951171875,2555.0,1625010
2023-10-13,2427.1279296875,2569.449951171875,2576.699951171875,2542.699951171875,2553.050048828125,1531977
2023-10-16,2416.59619140625,2558.300048828125,2582.0,2552.60009765625,2560.0,954899
2023-10-17,2414.56494140625,2556.14990234375,2570.0,2546.449951171875,2558.300048828125,1253538
2023-10-18,2407.10302734375,2548.25,2571.25,2539.550048828125,2570.050048828125,1084689
2023-10-19,2406.96142578125,2548.10009765625,2554.39990234375,2525.0,2525.0,1272343
2023-10-20,2356.943603515625,2495.14990234375,2543.550048828125,2485.050048828125,2520.0,3608160
2023-10-23,2345.93896484375,2483.5,2509.949951171875,2480.35009765625,2494.0,922707
2023-10-25,2340.08251953125,2477.300048828125,2490.0,2465.0,2475.050048828125,1435836
2023-10-26,2339.23193359375,2476.39990234375,2490.0,2455.64990234375,2461.0,2650560
2023-10-27,2344.569580078125,2482.050048828125,2495.0,2463.85009765625,2467.300048828125,1784812
2023-10-30,2341.59375,2478.89990234375,2492.0,2462.39990234375,2471.0,875135
2023-10-31,2346.4111328125,2484.0,2492.0,2467.800048828125,2470.199951171875,920414
2023-11-01,2335.3125,2472.25,2493.949951171875,2466.800048828125,2485.0,1267131
2023-11-02,2366.28466796875,2486.800048828125,2496.0,2463.300048828125,2475.0,1595123
2023-11-03,2387.646728515625,2509.25,2512.5,2485.800048828125,2497.0,1125583
2023-11-06,2376.370849609375,2497.39990234375,2517.75,2491.10009765625,2515.0,1338677
2023-11-07,2375.46728515625,2496.449951171875,2505.199951171875,2485.25,2496.0,1473411
2023-11-08,2397.257568359375,2519.35009765625,2525.0,2497.699951171875,2498.0,745022
2023-11-09,2356.67431640625,2476.699951171875,2522.0,2473.050048828125,2520.050048828125,1823094
2023-11-10,2366.046875,2486.550048828125,2488.60009765625,2465.35009765625,2477.0,771062
2023-11-13,2358.053955078125,2478.14990234375,2487.199951171875,2471.0,2477.199951171875,760809
2023-11-15,2365.904052734375,2486.39990234375,2503.050048828125,2476.0,2501.89990234375,1457029
2023-11-16,2370.471435546875,2491.199951171875,2505.800048828125,2475.35009765625,2480.199951171875,1420578
2023-11-17,2406.249267578125,2528.800048828125,2533.5,2465.0,2465.0,1756043
2023-11-20,2384.982421875,2506.449951171875,2534.5,2500.0,2534.449951171875,944231
2023-11-21,2383.841064453125,2505.25,2517.0,2498.0,2505.0,1088806
2023-11-22,2399.683837890625,2521.89990234375,2524.25,2504.0,2507.75,816610
2023-11-23,2397.780517578125,2519.89990234375,2527.75,2506.199951171875,2506.199951171875,1023670
2023-11-24,2393.30859375,2515.199951171875,2519.800048828125,2507.449951171875,2515.10009765625,735137
2023-11-28,2388.884033203125,2510.550048828125,2531.75,2500.0,2531.75,1880641
2023-11-29,2402.68115234375,2525.050048828125,2528.64990234375,2508.10009765625,2512.0,1265214
2023-11-30,2422.18798828125,2545.550048828125,2554.5,2516.14990234375,2516.14990234375,3095684
2023-12-01,2439.410400390625,2563.64990234375,2581.949951171875,2542.0,2547.5,1345599
2023-12-04,2476.1875,2602.300048828125,2608.39990234375,2575.0,2577.0,2188039
2023-12-05,2439.030029296875,2563.25,2637.0,2556.300048828125,2637.0,3108717
2023-12-06,2443.216552734375,2567.64990234375,2583.699951171875,2563.0,2570.0,1573754
2023-12-07,2396.21044921875,2518.25,2559.800048828125,2498.60009765625,2551.10009765625,3925967
2023-12-08,2400.064453125,2522.300048828125,2533.949951171875,2508.300048828125,2519.0,1605805
2023-12-11,2382.318359375,2503.64990234375,2529.949951171875,2499.0,2522.300048828125,2012243
2023-12-12,2381.461669921875,2502.75,2518.0,2497.0,2500.0,1677929
2023-12-13,2390.168212890625,2511.89990234375,2516.699951171875,2498.050048828125,2507.85009765625,1513205
2023-12-14,2394.403076171875,2516.35009765625,2524.800048828125,2501.199951171875,2521.35009765625,2166569
2023-12-15,2400.63525390625,2522.89990234375,2532.0,2507.0,2520.0,2543337
2023-12-18,2412.624755859375,2535.5,2544.5,2515.0,2520.14990234375,1969036
2023-12-19,2436.603759765625,2560.699951171875,2566.949951171875,2535.0,2535.050048828125,1656220
2023-12-20,2433.558349609375,2557.5,2572.949951171875,2547.0,2572.949951171875,1468642
2023-12-21,2429.467041015625,2553.199951171875,2580.0,2536.0,2542.25,1945695
2023-12-22,2450.781494140625,2575.60009765625,2579.75,2546.800048828125,2559.199951171875,1174984
2023-12-26,2459.488037109375,2584.75,2591.64990234375,2567.050048828125,2575.60009765625,893776
2023-12-27,2481.896728515625,2608.300048828125,2612.0,2580.89990234375,2586.0,1073278
2023-12-28,2506.1611328125,2633.800048828125,2640.0,2606.85009765625,2613.85009765625,1635216
2023-12-29,2534.849609375,2663.949951171875,2667.10009765625,2621.25,2633.800048828125,1305681
2024-01-01,2526.095703125,2654.75,2669.39990234375,2638.0,2663.85009765625,526353
2024-01-02,2487.13037109375,2613.800048828125,2653.949951171875,2607.0,2648.0,1310629
2024-01-03,2480.231689453125,2606.550048828125,2628.60009765625,2595.550048828125,2599.0,1008270
2024-01-04,2466.909912109375,2592.550048828125,2623.0,2588.050048828125,2606.550048828125,1376844
2024-01-05,2493.077392578125,2620.050048828125,2629.89990234375,2595.0,2595.0,1150738
2024-01-08,2453.302978515625,2578.25,2626.0,2566.5,2624.949951171875,1189828
2024-01-09,2454.730224609375,2579.75,2589.0,2571.550048828125,2582.550048828125,1017205
2024-01-10,2452.493896484375,2577.39990234375,2594.300048828125,2565.0,2580.0,881278
2024-01-11,2413.290771484375,2536.199951171875,2589.0,2531.85009765625,2580.0,2399600
2024-01-12,2420.712890625,2544.0,2555.0,2511.85009765625,2533.5,2979841
2024-01-15,2448.49755859375,2573.199951171875,2578.75,2531.0,2546.0,1391204
2024-01-16,2444.5966796875,2569.10009765625,2584.60009765625,2556.35009765625,2573.199951171875,1599406
2024-01-17,2438.69677734375,2562.89990234375,2571.35009765625,2539.75,2549.0,3047652
2024-01-18,2424.51904296875,2548.0,2570.0,2537.550048828125,2570.0,1273095
2024-01-19,2441.075439453125,2565.39990234375,2573.949951171875,2532.0,2565.0,1323064
2024-01-23,2260.42626953125,2375.550048828125,2480.5,2365.449951171875,2451.0,4369332
2024-01-24,2323.322509765625,2441.64990234375,2445.89990234375,2367.14990234375,2388.0,1551469
2024-01-25,2310.619873046875,2428.300048828125,2468.0,2420.199951171875,2454.800048828125,2364765
2024-01-29,2325.939453125,2444.39990234375,2449.0,2410.0,2410.0,1587091
2024-01-30,2339.498779296875,2458.64990234375,2494.550048828125,2447.300048828125,2454.0,1793711
2024-01-31,2361.2890625,2481.550048828125,2485.89990234375,2441.75,2450.0,1445004
2024-02-01,2353.724853515625,2473.60009765625,2511.550048828125,2468.35009765625,2475.10009765625,1727534
2024-02-02,2333.742431640625,2452.60009765625,2486.89990234375,2442.0,2477.0,1956115
2024-02-05,2302.24609375,2419.5,2464.75,2412.75,2464.0,1315445
2024-02-06,2308.764404296875,2426.35009765625,2441.35009765625,2418.050048828125,2424.949951171875,1557511
2024-02-07,2307.90771484375,2425.449951171875,2439.89990234375,2411.550048828125,2439.89990234375,1149076
2024-02-08,2299.914794921875,2417.050048828125,2441.800048828125,2399.0,2441.800048828125,1758661
2024-02-09,2306.670654296875,2424.14990234375,2428.449951171875,2406.10009765625,2417.050048828125,886474
2024-02-12,2270.03662109375,2385.64990234375,2429.85009765625,2382.0,2424.10009765625,1292460
2024-02-13,2277.98193359375,2394.0,2400.949951171875,2380.10009765625,2390.0,957865
2024-02-14,2272.225341796875,2387.949951171875,2394.0,2370.0,2385.0,1397975
2024-02-15,2236.92333984375,2350.85009765625,2384.699951171875,2346.75,2368.35009765625,2553695
2024-02-16,2260.140869140625,2375.25,2382.0,2357.60009765625,2369.949951171875,2363302
2024-02-19,2271.464111328125,2387.14990234375,2394.949951171875,2373.800048828125,2389.5,576683
2024-02-20,2287.5927734375,2404.10009765625,2408.449951171875,2368.199951171875,2370.10009765625,1032995
2024-02-21,2290.447509765625,2407.10009765625,2422.800048828125,2394.10009765625,2404.10009765625,1127778
2024-02-22,2272.3681640625,2388.10009765625,2420.300048828125,2365.75,2420.300048828125,2258516
2024-02-23,2278.0771484375,2394.10009765625,2405.5,2383.949951171875,2388.550048828125,1210775
2024-02-26,2287.7353515625,2404.25,2406.550048828125,2380.0,2391.10009765625,831596
2024-02-27,2288.734619140625,2405.300048828125,2408.949951171875,2389.14990234375,2404.050048828125,1120424
2024-02-28,2304.197021484375,2421.550048828125,2425.0,2401.0,2411.10009765625,629152
2024-02-29,2295.3955078125,2412.300048828125,2428.800048828125,2397.25,2425.0,2848084
2024-03-01,2292.92138671875,2409.699951171875,2438.800048828125,2404.0,2416.949951171875,2326244
2024-03-04,2304.625,2422.0,2427.89990234375,2404.39990234375,2416.199951171875,1501261
2024-03-05,2283.548583984375,2399.85009765625,2420.0,2391.10009765625,2405.0,1587199
2024-03-06,2284.45263671875,2400.800048828125,2408.85009765625,2375.300048828125,2404.0,1354111
2024-03-07,2302.293701171875,2419.550048828125,2426.0,2403.0,2404.949951171875,1820704
2024-03-11,2274.033203125,2389.85009765625,2413.0,2383.550048828125,2409.0,2040761
2024-03-12,2262.900146484375,2378.14990234375,2385.0,2360.800048828125,2380.0,1012157
2024-03-13,2200.52685546875,2312.60009765625,2375.0,2303.85009765625,2375.0,2322669
2024-03-14,2221.46044921875,2334.60009765625,2341.699951171875,2301.85009765625,2304.85009765625,2292515
2024-03-15,2214.89501953125,2327.699951171875,2336.949951171875,2315.89990234375,2330.050048828125,2751403
2024-03-18,2188.489990234375,2299.949951171875,2325.0,2297.0,2320.800048828125,2487402
2024-03-19,2157.08935546875,2266.949951171875,2303.89990234375,2246.85009765625,2283.25,4220638
2024-03-20,2133.30078125,2241.949951171875,2265.449951171875,2240.0,2250.0,2995013
2024-03-21,2133.68115234375,2242.35009765625,2259.14990234375,2234.0,2234.0,3504486
2024-03-22,2147.193115234375,2256.550048828125,2266.0,2232.050048828125,2239.050048828125,3507809
2024-03-26,2131.4453125,2240.0,2259.14990234375,2232.0,2232.10009765625,3027027
2024-03-27,2131.15966796875,2239.699951171875,2263.0,2236.0,2250.0,2168861
2024-03-28,2154.615478515625,2264.35009765625,2287.89990234375,2240.10009765625,2245.0,3186360
2024-04-01,2175.12060546875,2285.89990234375,2295.0,2262.0,2270.0,1427873
2024-04-02,2175.88232421875,2286.699951171875,2298.0,2277.050048828125,2298.0,1221495
2024-04-03,2155.424072265625,2265.199951171875,2281.85009765625,2261.050048828125,2281.85009765625,1175309
2024-04-04,2155.18603515625,2264.949951171875,2282.0,2249.25,2270.0,1890255
2024-04-05,2157.08935546875,2266.949951171875,2280.5,2258.10009765625,2264.949951171875,1153449
2024-04-08,2158.992431640625,2268.949951171875,2288.949951171875,2267.199951171875,2277.0,1127294
2024-04-09,2154.4248046875,2264.14990234375,2274.60009765625,2255.75,2271.0,1189343
2024-04-10,2151.332275390625,2260.89990234375,2276.89990234375,2257.699951171875,2276.89990234375,2308993
2024-04-12,2124.11865234375,2232.300048828125,2264.85009765625,2228.60009765625,2260.89990234375,3388551
2024-04-15,2087.72216796875,2194.050048828125,2227.75,2190.0,2227.699951171875,4909564
2024-04-16,2113.17578125,2220.800048828125,2231.25,2172.050048828125,2183.0,2821129
2024-04-18,2107.466552734375,2214.800048828125,2237.699951171875,2209.050048828125,2215.050048828125,3392171
2024-04-19,2123.4521484375,2231.60009765625,2243.75,2196.0,2220.0,2337694
2024-04-22,2132.87255859375,2241.5,2253.550048828125,2229.050048828125,2250.0,1804108
2024-04-23,2153.0927734375,2262.75,2273.5,2248.699951171875,2253.0,1991778
2024-04-24,2150.7138671875,2260.25,2268.35009765625,2245.64990234375,2266.050048828125,1404398
2024-04-25,2122.73876953125,2230.85009765625,2239.85009765625,2215.10009765625,2238.050048828125,4951866
2024-04-26,2114.935791015625,2222.64990234375,2255.0,2218.60009765625,2245.0,2307512
2024-04-29,2118.218994140625,2226.10009765625,2234.0,2220.0,2234.0,1395292
2024-04-30,2122.358154296875,2230.449951171875,2240.25,2225.0,2232.050048828125,2119102
2024-05-02,2118.408935546875,2226.300048828125,2243.199951171875,2205.050048828125,2205.050048828125,2140383
2024-05-03,2109.607421875,2217.050048828125,2235.64990234375,2204.0,2232.0,2595307
2024-05-06,2146.860107421875,2256.199951171875,2261.5,2212.0,2225.0,1619256
2024-05-07,2264.089599609375,2379.39990234375,2389.60009765625,2259.0,2266.0,8277810
2024-05-08,2227.59814453125,2341.050048828125,2372.25,2325.0,2366.39990234375,1813439
2024-05-09,2212.944091796875,2325.64990234375,2362.10009765625,2319.449951171875,2340.60009765625,1558987
2024-05-10,2248.056396484375,2362.550048828125,2371.0,2321.0,2321.0,2610266
2024-05-13,2246.248046875,2360.64990234375,2381.64990234375,2347.89990234375,2374.0,1170617
2024-05-14,2235.733642578125,2349.60009765625,2372.300048828125,2346.75,2360.60009765625,689430
2024-05-15,2210.70849609375,2323.300048828125,2355.800048828125,2317.64990234375,2349.550048828125,812282
2024-05-16,2229.59619140625,2343.14990234375,2348.10009765625,2301.35009765625,2337.0,1880021
2024-05-17,2207.9013671875,2320.35009765625,2351.89990234375,2315.10009765625,2351.89990234375,1264582
2024-05-21,2198.71875,2310.699951171875,2324.800048828125,2301.75,2307.0,1663959
2024-05-22,2252.1953125,2366.89990234375,2374.0,2310.699951171875,2311.0,1914851
2024-05-23,2267.039306640625,2382.5,2386.800048828125,2355.0,2366.89990234375,1614718
2024-05-24,2254.2412109375,2369.050048828125,2383.25,2364.699951171875,2378.5,974100
2024-05-27,2268.9423828125,2384.5,2399.949951171875,2362.5,2369.050048828125,1116934
2024-05-28,2279.837646484375,2395.949951171875,2409.0,2378.550048828125,2390.0,1631747
2024-05-29,2258.38037109375,2373.39990234375,2395.0,2369.39990234375,2381.199951171875,1592495
2024-05-30,2237.44677734375,2351.39990234375,2372.449951171875,2334.050048828125,2368.0,1837380
2024-05-31,2216.179931640625,2329.050048828125,2377.449951171875,2317.60009765625,2353.0,5529186
2024-06-03,2241.728515625,2355.89990234375,2387.449951171875,2344.300048828125,2381.0,1207445
2024-06-04,2375.324462890625,2496.300048828125,2510.050048828125,2342.10009765625,2374.0,7826048
2024-06-05,2476.615966796875,2602.75,2723.949951171875,2525.0,2533.550048828125,11061076
2024-06-06,2426.041748046875,2549.60009765625,2600.0,2518.0,2600.0,4102547
2024-06-07,2452.875,2577.800048828125,2596.5,2525.0,2555.300048828125,3974253
2024-06-10,2441.02783203125,2565.35009765625,2593.64990234375,2546.0,2579.0,1449122
2024-06-11,2432.46435546875,2556.35009765625,2576.699951171875,2551.300048828125,2566.0,1402423
2024-06-12,2406.15380859375,2528.699951171875,2568.0,2517.0,2568.0,1754677
2024-06-13,2366.85546875,2487.39990234375,2505.800048828125,2446.449951171875,2487.949951171875,3123098
2024-06-14,2382.56494140625,2479.75,2510.39990234375,2470.39990234375,2473.0,1729552
2024-06-18,2388.810302734375,2486.25,2498.0,2473.14990234375,2479.89990234375,1820933
2024-06-19,2360.706787109375,2457.0,2495.0,2451.5,2495.0,986976
2024-06-20,2384.9189453125,2482.199951171875,2490.0,2446.64990234375,2457.0,2163310
2024-06-21,2345.6220703125,2441.300048828125,2478.0,2426.550048828125,2475.0,3646215
2024-06-24,2346.486572265625,2442.199951171875,2467.85009765625,2427.050048828125,2435.0,1945519
2024-06-25,2336.87841796875,2432.199951171875,2446.699951171875,2427.89990234375,2439.35009765625,833789
2024-06-26,2349.75341796875,2445.60009765625,2467.0,2432.39990234375,2437.0,1738656
2024-06-27,2365.654541015625,2462.14990234375,2483.199951171875,2436.0,2449.949951171875,3402726
2024-06-28,2376.12744140625,2473.050048828125,2490.5,2462.85009765625,2463.0,2129791
2024-07-01,2406.921630859375,2505.10009765625,2523.0,2450.10009765625,2461.050048828125,3312865
2024-07-02,2387.753173828125,2485.14990234375,2515.0,2479.35009765625,2515.0,1305210
2024-07-03,2411.9658203125,2510.35009765625,2519.85009765625,2474.300048828125,2486.64990234375,1406405
2024-07-04,2398.130126953125,2495.949951171875,2536.85009765625,2492.89990234375,2515.050048828125,1977010
2024-07-05,2447.17919921875,2547.0,2554.0,2495.949951171875,2495.949951171875,1754286
2024-07-08,2485.755615234375,2587.14990234375,2595.0,2536.25,2560.0,2818809
2024-07-09,2488.637939453125,2590.14990234375,2614.0,2568.0,2587.14990234375,1479529
2024-07-10,2508.142578125,2610.449951171875,2626.0,2573.0,2581.0,1764036
2024-07-11,2506.60546875,2608.85009765625,2617.050048828125,2590.050048828125,2617.0,1432671
2024-07-12,2519.480224609375,2622.25,2639.5,2601.0,2601.0,1912642
2024-07-15,2517.606689453125,2620.300048828125,2629.25,2613.64990234375,2628.0,920101
2024-07-16,2583.085693359375,2688.449951171875,2725.0,2624.550048828125,2625.949951171875,3298003
2024-07-18,2631.077880859375,2738.39990234375,2751.199951171875,2655.0,2700.0,5569762
2024-07-19,2620.125,2727.0,2743.0,2715.949951171875,2739.0,1668862
2024-07-22,2628.099609375,2735.300048828125,2749.949951171875,2705.64990234375,2705.699951171875,1911629
2024-07-23,2657.9326171875,2766.35009765625,2811.300048828125,2732.0,2746.0,3906259
2024-07-24,2610.564697265625,2717.050048828125,2757.449951171875,2675.10009765625,2748.0,3611927
2024-07-25,2601.100830078125,2707.199951171875,2724.85009765625,2670.0,2717.050048828125,2166670
2024-07-26,2604.800048828125,2711.050048828125,2727.0,2687.25,2724.0,2135309
2024-07-29,2605.328369140625,2711.60009765625,2720.0,2692.800048828125,2711.199951171875,957011
2024-07-30,2585.919921875,2691.39990234375,2754.35009765625,2685.39990234375,2715.60009765625,1560399
2024-07-31,2599.611572265625,2705.64990234375,2709.64990234375,2675.050048828125,2705.0,1751085
2024-08-01,2609.123779296875,2715.550048828125,2724.949951171875,2695.199951171875,2714.0,1886392
2024-08-02,2587.025390625,2692.550048828125,2759.5,2681.14990234375,2712.0,1738872
2024-08-05,2609.459716796875,2715.89990234375,2742.0,2666.199951171875,2675.949951171875,3118731
2024-08-06,2642.271728515625,2750.050048828125,2771.75,2708.64990234375,2720.10009765625,2296031
2024-08-07,2636.506591796875,2744.050048828125,2781.85009765625,2735.5,2781.699951171875,1713875
2024-08-08,2626.08154296875,2733.199951171875,2759.25,2720.39990234375,2754.0,1464161
2024-08-09,2639.533203125,2747.199951171875,2758.0,2718.60009765625,2756.0,1284031
2024-08-12,2640.974365234375,2748.699951171875,2763.39990234375,2722.39990234375,2738.0,1297178
2024-08-13,2633.96044921875,2741.39990234375,2757.64990234375,2730.10009765625,2742.0,1051237
2024-08-14,2615.368896484375,2722.050048828125,2742.550048828125,2706.60009765625,2741.0,946995
2024-08-16,2640.5419921875,2748.25,2753.60009765625,2710.699951171875,2737.89990234375,1727926
2024-08-19,2635.0654296875,2742.550048828125,2759.75,2737.050048828125,2750.050048828125,1130327
2024-08-20,2643.232421875,2751.050048828125,2756.25,2735.050048828125,2742.550048828125,1097889
2024-08-21,2681.80859375,2791.199951171875,2795.10009765625,2742.949951171875,2749.5,1417729
2024-08-22,2683.34619140625,2792.800048828125,2810.0,2782.10009765625,2802.949951171875,1552947
2024-08-23,2705.252685546875,2815.60009765625,2821.0,2771.35009765625,2799.199951171875,2111401
2024-08-26,2710.5849609375,2821.14990234375,2834.949951171875,2803.60009765625,2815.60009765625,1152244
2024-08-27,2658.460693359375,2766.89990234375,2824.10009765625,2759.550048828125,2809.0,1357212
2024-08-28,2656.010986328125,2764.35009765625,2781.75,2745.75,2760.0,1723549
2024-08-29,2676.092041015625,2785.25,2810.0,2745.0,2769.949951171875,2129934
2024-08-30,2669.126220703125,2778.0,2816.300048828125,2760.10009765625,2795.699951171875,4029712
2024-09-02,2679.7431640625,2789.050048828125,2808.89990234375,2779.0,2794.0,957950
2024-09-03,2684.787353515625,2794.300048828125,2827.949951171875,2775.0,2780.0,2022116
2024-09-04,2729.897216796875,2841.25,2843.85009765625,2771.64990234375,2780.0,1640986
2024-09-05,2727.20703125,2838.449951171875,2855.0,2823.64990234375,2840.050048828125,1945173
2024-09-06,2727.687255859375,2838.949951171875,2866.449951171875,2828.10009765625,2828.10009765625,1672730
2024-09-09,2807.29052734375,2921.800048828125,2938.199951171875,2843.199951171875,2853.10009765625,3342754
2024-09-10,2784.99951171875,2898.60009765625,2937.60009765625,2887.5,2934.0,1536584
2024-09-11,2790.33203125,2904.14990234375,2950.0,2898.10009765625,2911.60009765625,1913665
2024-09-12,2840.5341796875,2956.39990234375,2963.39990234375,2894.199951171875,2911.0,2454564
2024-09-13,2818.003173828125,2932.949951171875,2956.39990234375,2918.5,2956.39990234375,1902001
2024-09-16,2754.73388671875,2867.10009765625,2910.0,2807.39990234375,2910.0,1489057
2024-09-17,2760.88330078125,2873.5,2913.89990234375,2860.10009765625,2867.10009765625,1098661
2024-09-18,2763.141357421875,2875.85009765625,2893.550048828125,2861.699951171875,2874.0,464796
2024-09-19,2797.63427734375,2911.75,2934.300048828125,2873.35009765625,2876.25,1713010
2024-09-20,2860.903564453125,2977.60009765625,2989.35009765625,2895.39990234375,2924.800048828125,3641632
2024-09-23,2909.856689453125,3028.550048828125,3035.0,2969.949951171875,2980.0,1300470
2024-09-24,2834.91357421875,2950.550048828125,3020.0,2946.10009765625,3020.0,1929308
2024-09-25,2833.376220703125,2948.949951171875,2960.35009765625,2905.10009765625,2950.550048828125,1055354
2024-09-26,2869.070556640625,2986.10009765625,2992.85009765625,2941.199951171875,2951.10009765625,1902889
2024-09-27,2849.998291015625,2966.25,3030.0,2952.75,2986.10009765625,2977081
2024-09-30,2842.360107421875,2958.300048828125,2997.89990234375,2942.60009765625,2964.199951171875,1627702
2024-10-01,2809.163818359375,2923.75,2962.699951171875,2891.39990234375,2962.699951171875,1184642
2024-10-03,2779.95556640625,2893.35009765625,2923.10009765625,2861.10009765625,2908.75,1233447
2024-10-04,2737.103271484375,2848.75,2914.0,2817.050048828125,2891.0,2456486
2024-10-07,2722.354736328125,2833.39990234375,2866.449951171875,2825.050048828125,2845.0,1280975
2024-10-08,2708.3271484375,2818.800048828125,2886.0,2798.699951171875,2844.0,1761488
2024-10-09,2660.4306640625,2768.949951171875,2825.85009765625,2760.699951171875,2823.39990234375,1476282
2024-10-10,2646.7392578125,2754.699951171875,2787.39990234375,2733.199951171875,2770.0,2065078
2024-10-11,2674.122314453125,2783.199951171875,2790.0,2737.050048828125,2764.800048828125,679307
2024-10-14,2679.791015625,2789.10009765625,2804.699951171875,2765.0,2791.60009765625,874010
2024-10-15,2672.44091796875,2781.449951171875,2799.300048828125,2765.25,2793.10009765625,1082666
2024-10-16,2672.248779296875,2781.25,2797.550048828125,2755.60009765625,2789.14990234375,1170797
2024-10-17,2631.318115234375,2738.64990234375,2782.0,2723.449951171875,2779.449951171875,1368242
2024-10-18,2610.61279296875,2717.10009765625,2740.0,2693.449951171875,2738.64990234375,1137277
2024-10-21,2587.98583984375,2693.550048828125,2738.0,2680.449951171875,2715.0,792345
2024-10-22,2576.60009765625,2681.699951171875,2710.0,2673.75,2685.10009765625,1272253
2024-10-23,2555.078369140625,2659.300048828125,2693.050048828125,2621.0,2621.0,1431962
2024-10-24,2406.921630859375,2505.10009765625,2647.0,2452.60009765625,2647.0,9216267
2024-10-25,2428.97216796875,2528.050048828125,2540.0,2500.10009765625,2502.300048828125,2761166
2024-10-28,2474.8505859375,2575.800048828125,2589.60009765625,2520.10009765625,2544.0,852829
2024-10-29,2447.8037109375,2547.64990234375,2585.699951171875,2536.0,2585.699951171875,1695654
2024-10-30,2454.81787109375,2554.949951171875,2563.300048828125,2533.39990234375,2557.0,1200637
2024-10-31,2429.164306640625,2528.25,2563.5,2524.10009765625,2554.949951171875,1901355
2024-11-01,2438.051513671875,2537.5,2545.949951171875,2511.35009765625,2543.949951171875,118532
2024-11-04,2425.849365234375,2524.800048828125,2547.0,2503.5,2547.0,1097260
2024-11-05,2422.53466796875,2521.35009765625,2530.25,2507.0,2520.0,702046
2024-11-06,2430.65087890625,2500.699951171875,2522.10009765625,2495.0,2515.199951171875,1219166
2024-11-07,2406.156494140625,2475.5,2509.89990234375,2466.10009765625,2500.699951171875,1322446
2024-11-08,2437.45458984375,2507.699951171875,2515.25,2467.300048828125,2483.949951171875,1700877
2024-11-11,2421.27099609375,2491.050048828125,2514.89990234375,2475.050048828125,2509.0,1175577
2024-11-12,2392.548828125,2461.5,2496.949951171875,2456.0,2495.0,1624222
2024-11-13,2395.902099609375,2464.949951171875,2472.800048828125,2450.39990234375,2462.10009765625,1262017
2024-11-14,2322.27392578125,2389.199951171875,2464.699951171875,2383.699951171875,2460.39990234375,2443393
2024-11-18,2355.02978515625,2422.89990234375,2425.0,2375.75,2401.14990234375,1374215
2024-11-19,2342.83154296875,2410.35009765625,2440.199951171875,2405.10009765625,2431.89990234375,1133370
2024-11-21,2316.05322265625,2382.800048828125,2424.75,2376.10009765625,2424.75,1291829
2024-11-22,2376.75390625,2445.25,2452.10009765625,2377.85009765625,2390.949951171875,1696471
2024-11-25,2402.219970703125,2471.449951171875,2505.699951171875,2457.60009765625,2470.0,4368045
2024-11-26,2409.7529296875,2479.199951171875,2494.949951171875,2460.39990234375,2486.25,982442
2024-11-27,2417.237060546875,2486.89990234375,2492.949951171875,2458.0,2475.14990234375,948232
2024-11-28,2393.229248046875,2462.199951171875,2539.14990234375,2453.199951171875,2486.0,2540530
2024-11-29,2426.22802734375,2496.14990234375,2507.5,2455.10009765625,2455.10009765625,1795164
2024-12-02,2409.7041015625,2479.14990234375,2490.5,2460.550048828125,2485.0,1006993
2024-12-03,2413.30078125,2482.85009765625,2491.449951171875,2466.0,2480.0,1641588
2024-12-04,2395.46484375,2464.5,2493.0,2456.550048828125,2481.10009765625,1321495
2024-12-05,2424.721923828125,2494.60009765625,2515.0,2450.050048828125,2465.60009765625,2071795
2024-12-06,2414.22412109375,2483.800048828125,2495.800048828125,2475.0,2495.0,1308086
2024-12-09,2333.50048828125,2400.75,2476.949951171875,2383.300048828125,2465.0,3385021
2024-12-10,2330.196044921875,2397.35009765625,2413.0,2388.300048828125,2408.699951171875,2063838
2024-12-11,2334.083740234375,2401.35009765625,2409.35009765625,2385.0,2405.0,1718225
2024-12-12,2279.263671875,2344.949951171875,2399.949951171875,2338.0,2385.050048828125,3231056
2024-12-13,2323.148681640625,2390.10009765625,2394.550048828125,2333.449951171875,2344.949951171875,2260902
2024-12-16,2299.869384765625,2366.14990234375,2393.0,2363.0,2390.300048828125,1247552
2024-12-17,2297.051025390625,2363.25,2380.0,2353.35009765625,2353.35009765625,2131569
2024-12-18,2293.1142578125,2359.199951171875,2383.0,2350.050048828125,2350.050048828125,988403
2024-12-19,2293.746337890625,2359.85009765625,2386.949951171875,2336.0,2347.0,1655915
2024-12-20,2268.52294921875,2333.89990234375,2373.5,2324.64990234375,2352.10009765625,2069691
2024-12-23,2273.383056640625,2338.89990234375,2351.75,2315.25,2337.0,1066199
2024-12-24,2270.126708984375,2335.550048828125,2356.949951171875,2331.10009765625,2331.10009765625,683646
2024-12-26,2267.4052734375,2332.75,2341.85009765625,2324.699951171875,2332.25,1033769
2024-12-27,2275.667236328125,2341.25,2345.64990234375,2328.25,2343.0,556816
2024-12-30,2277.854248046875,2343.5,2359.14990234375,2325.0,2341.5,924180
2024-12-31,2261.670654296875,2326.85009765625,2352.64990234375,2323.25,2340.0,1878762
2025-01-01,2257.0537109375,2322.10009765625,2337.14990234375,2320.25,2325.0,559893
2025-01-02,2303.611572265625,2370.0,2379.64990234375,2315.5,2330.0,1650744
2025-01-03,2338.84619140625,2406.25,2414.60009765625,2364.800048828125,2381.85009765625,1274239
2025-01-06,2309.637939453125,2376.199951171875,2418.949951171875,2361.64990234375,2418.0,900419
2025-01-07,2323.829345703125,2390.800048828125,2402.25,2375.25,2377.14990234375,922768
2025-01-08,2333.743408203125,2401.0,2409.0,2368.0,2391.0,953351
2025-01-09,2367.1796875,2435.39990234375,2473.64990234375,2386.39990234375,2405.050048828125,2425267
2025-01-10,2373.643798828125,2442.050048828125,2456.0,2413.800048828125,2435.39990234375,1651911
2025-01-13,2382.343017578125,2451.0,2460.5,2409.050048828125,2417.050048828125,2595013
2025-01-14,2301.619140625,2367.949951171875,2468.0,2364.10009765625,2465.0,2052741
2025-01-15,2306.528076171875,2373.0,2384.89990234375,2350.10009765625,2373.89990234375,1215150
2025-01-16,2279.312255859375,2345.0,2380.0,2326.050048828125,2376.949951171875,2762596
2025-01-17,2288.06005859375,2354.0,2379.300048828125,2343.0,2350.0,1333005
2025-01-20,2279.506591796875,2345.199951171875,2368.0,2335.64990234375,2356.449951171875,1382273
2025-01-21,2274.938232421875,2340.5,2377.300048828125,2332.449951171875,2353.5,1842885
2025-01-22,2277.319580078125,2342.949951171875,2362.0,2332.199951171875,2342.550048828125,2658047
2025-01-23,2256.66455078125,2321.699951171875,2341.300048828125,2253.85009765625,2315.0,3408925
2025-01-24,2301.76513671875,2368.10009765625,2380.800048828125,2323.0,2332.85009765625,1688664
2025-01-27,2325.82177734375,2392.85009765625,2409.699951171875,2361.14990234375,2365.0,2477358
2025-01-28,2321.933837890625,2388.85009765625,2407.0,2379.449951171875,2401.0,1892156
2025-01-29,2317.1708984375,2383.949951171875,2396.0,2364.0,2385.14990234375,699576
2025-01-30,2341.2763671875,2408.75,2425.0,2384.0,2384.0,1419960
2025-01-31,2399.644287109375,2468.800048828125,2479.0,2401.5,2401.5,2116148
2025-02-01,2435.850830078125,2506.050048828125,2602.0,2435.14990234375,2475.0,2970999
2025-02-03,2373.54638671875,2441.949951171875,2520.0,2416.5,2505.0,2528480
2025-02-04,2369.755615234375,2438.050048828125,2450.0,2402.85009765625,2450.0,1992474
2025-02-05,2324.072265625,2391.050048828125,2453.0,2387.0,2453.0,1357416
2025-02-06,2306.236083984375,2372.699951171875,2408.949951171875,2360.300048828125,2400.0,1132113
2025-02-07,2297.634033203125,2363.85009765625,2381.949951171875,2336.10009765625,2380.0,855602
2025-02-10,2295.301513671875,2361.449951171875,2398.0,2352.050048828125,2370.89990234375,1326354
2025-02-11,2250.395751953125,2315.25,2377.949951171875,2296.550048828125,2371.0,1389260
2025-02-12,2267.162109375,2332.5,2339.89990234375,2305.10009765625,2325.699951171875,1341909
2025-02-13,2256.470458984375,2321.5,2345.60009765625,2313.35009765625,2330.10009765625,1334967
2025-02-14,2253.40869140625,2318.35009765625,2366.0,2313.39990234375,2322.0,1135380
2025-02-17,2264.149169921875,2329.39990234375,2336.0,2300.0,2318.35009765625,1409168
2025-02-18,2231.684814453125,2296.0,2338.550048828125,2288.0,2329.39990234375,1035705
2025-02-19,2187.362060546875,2250.39990234375,2305.699951171875,2248.0,2298.75,1521343
2025-02-20,2185.077880859375,2248.050048828125,2254.449951171875,2226.5,2250.39990234375,2206196
2025-02-21,2178.857177734375,2241.64990234375,2253.550048828125,2226.39990234375,2248.050048828125,1781509
2025-02-24,2178.66259765625,2241.449951171875,2251.0,2218.800048828125,2230.0,1627949
2025-02-25,2196.0126953125,2259.300048828125,2269.60009765625,2237.949951171875,2243.0,1988040
2025-02-27,2182.064453125,2244.949951171875,2269.64990234375,2233.10009765625,2269.64990234375,1699658
2025-02-28,2128.89697265625,2190.25,2249.60009765625,2185.85009765625,2245.050048828125,3683249
2025-03-03,2115.872314453125,2176.85009765625,2199.0,2158.5,2199.0,1306470
2025-03-04,2096.918701171875,2157.35009765625,2180.0,2136.0,2179.949951171875,1800330
2025-03-05,2109.651611328125,2170.449951171875,2191.89990234375,2150.0,2152.0,1145673
2025-03-06,2156.79296875,2218.949951171875,2229.800048828125,2163.75,2175.0,1856868
2025-03-07,2142.79638671875,2204.550048828125,2226.699951171875,2189.199951171875,2226.699951171875,1738356
2025-03-10,2184.786376953125,2247.75,2267.14990234375,2194.64990234375,2208.0,1242387
2025-03-11,2154.848876953125,2216.949951171875,2262.449951171875,2211.25,2240.0,1325891
2025-03-12,2131.47265625,2192.89990234375,2229.949951171875,2185.0,2217.35009765625,1526212
2025-03-13,2113.8798828125,2174.800048828125,2209.949951171875,2164.449951171875,2185.0,1845629
2025-03-17,2110.42919921875,2171.25,2195.449951171875,2156.5,2161.0,1111886
2025-03-18,2110.42919921875,2171.25,2171.25,2171.25,2171.25,0
2025-03-19,2138.422607421875,2200.050048828125,2212.85009765625,2193.449951171875,2207.0,1341405
2025-03-20,2179.586181640625,2242.39990234375,2248.89990234375,2188.449951171875,2203.89990234375,1426689
2025-03-21,2183.27978515625,2246.199951171875,2255.199951171875,2225.800048828125,2245.0,2152415
2025-03-24,2192.99951171875,2256.199951171875,2266.0,2241.0,2250.25,1454404
2025-03-25,2207.6767578125,2271.300048828125,2292.0,2243.35009765625,2250.75,2229340
2025-03-26,2183.03662109375,2245.949951171875,2279.89990234375,2237.800048828125,2272.0,1416907
2025-03-27,2181.773193359375,2244.64990234375,2260.89990234375,2200.0,2244.199951171875,3752627
2025-03-28,2195.5751953125,2258.85009765625,2296.0,2240.300048828125,2247.0,2280152
2025-04-01,2171.27587890625,2233.85009765625,2284.64990234375,2220.0,2259.0,2495962
2025-04-02,2175.212158203125,2237.89990234375,2243.699951171875,2190.050048828125,2243.699951171875,1351493
2025-04-03,2181.676025390625,2244.550048828125,2252.89990234375,2220.60009765625,2225.449951171875,1310088
2025-04-04,2181.676025390625,2244.550048828125,2267.050048828125,2222.0,2230.0,1120226
2025-04-07,2186.389892578125,2249.39990234375,2261.60009765625,2150.0,2150.0,3435185
2025-04-08,2225.123779296875,2289.25,2306.199951171875,2252.35009765625,2268.300048828125,2774874
2025-04-09,2284.171875,2350.0,2354.14990234375,2289.5,2293.949951171875,2989089
2025-04-11,2299.869384765625,2366.14990234375,2394.85009765625,2344.35009765625,2394.60009765625,3836083
2025-04-15,2295.35009765625,2361.5,2400.0,2345.199951171875,2400.0,3042779
2025-04-16,2300.30712890625,2366.60009765625,2376.0,2351.0,2351.0,1131979
2025-04-17,2308.471923828125,2375.0,2379.89990234375,2343.10009765625,2357.10009765625,1962402
2025-04-21,2285.14404296875,2351.0,2372.39990234375,2348.800048828125,2368.10009765625,1478430
2025-04-22,2331.508056640625,2398.699951171875,2406.0,2355.10009765625,2370.0,2352346
2025-04-23,2355.905029296875,2423.800048828125,2438.0,2393.39990234375,2410.0,2226066
2025-04-24,2260.1640625,2325.300048828125,2487.39990234375,2317.10009765625,2423.800048828125,7065430
2025-04-25,2266.87060546875,2332.199951171875,2341.89990234375,2294.39990234375,2331.89990234375,2859858
2025-04-28,2253.65185546875,2318.60009765625,2349.0,2315.0,2345.0,1555660
2025-04-29,2256.66455078125,2321.699951171875,2332.5,2312.60009765625,2328.0,1896387
2025-04-30,2276.493408203125,2342.10009765625,2352.5,2316.0,2320.0,2083807
2025-05-02,2253.65185546875,2318.60009765625,2345.0,2310.0,2334.10009765625,1424284
2025-05-05,2282.811279296875,2348.60009765625,2354.89990234375,2319.10009765625,2324.10009765625,2074103
2025-05-06,2315.081298828125,2381.800048828125,2390.10009765625,2340.199951171875,2340.199951171875,1888125
2025-05-07,2304.3896484375,2370.800048828125,2386.89990234375,2355.300048828125,2369.0,1610400
2025-05-08,2288.934814453125,2354.89990234375,2371.89990234375,2341.0,2361.699951171875,2323073
2025-05-09,2267.551025390625,2332.89990234375,2342.699951171875,2302.300048828125,2330.0,1805685
2025-05-12,2315.76171875,2382.5,2387.0,2346.10009765625,2360.0,1274873
2025-05-13,2293.891845703125,2360.0,2398.0,2352.800048828125,2375.60009765625,1929665
2025-05-14,2284.657958984375,2350.5,2370.0,2338.5,2370.0,1568111
2025-05-15,2289.226318359375,2355.199951171875,2369.89990234375,2340.0,2351.60009765625,3236681
2025-05-16,2314.6923828125,2381.39990234375,2387.0,2349.0,2360.0,1473000
2025-05-19,2315.9560546875,2382.699951171875,2405.0,2375.0,2375.0,936655
2025-05-20,2275.521728515625,2341.10009765625,2394.60009765625,2338.5,2394.60009765625,1617408
2025-05-21,2297.682373046875,2363.89990234375,2375.699951171875,2345.0,2346.0,1570754
2025-05-22,2265.412841796875,2330.699951171875,2363.10009765625,2313.10009765625,2355.0,2423653
2025-05-23,2293.1142578125,2359.199951171875,2364.5,2329.60009765625,2336.89990234375,844118
2025-05-26,2327.03662109375,2394.10009765625,2397.300048828125,2364.10009765625,2368.0,892618
2025-05-27,2313.526123046875,2380.199951171875,2409.5,2360.300048828125,2394.10009765625,1865258
2025-05-28,2295.8359375,2362.0,2388.0,2352.0,2388.0,897517
2025-05-29,2300.404296875,2366.699951171875,2376.0,2355.5,2369.0,1111275
2025-05-30,2282.519775390625,2348.300048828125,2374.89990234375,2343.5,2360.0,3288892
2025-06-02,2305.167236328125,2371.60009765625,2384.0,2343.60009765625,2347.89990234375,1178205
2025-06-03,2286.40771484375,2352.300048828125,2379.5,2342.60009765625,2365.10009765625,1643913
2025-06-04,2298.265869140625,2364.5,2367.60009765625,2342.10009765625,2359.5,3287896
2025-06-05,2309.83251953125,2376.39990234375,2380.0,2348.89990234375,2364.5,1787978
2025-06-06,2322.857421875,2389.800048828125,2396.5,2370.10009765625,2373.300048828125,997488
2025-06-09,2326.161865234375,2393.199951171875,2399.0,2378.300048828125,2394.0,1293622
2025-06-10,2328.10595703125,2395.199951171875,2400.199951171875,2378.39990234375,2393.39990234375,1778782
2025-06-11,2309.83251953125,2376.39990234375,2402.89990234375,2371.300048828125,2395.199951171875,1977707
2025-06-12,2267.356689453125,2332.699951171875,2388.0,2324.10009765625,2386.89990234375,3339584
2025-06-13,2254.04052734375,2319.0,2324.89990234375,2302.0,2305.0,1740682
2025-06-16,2262.204833984375,2327.39990234375,2336.60009765625,2313.10009765625,2320.0,1105297
2025-06-17,2263.37158203125,2328.60009765625,2333.10009765625,2313.10009765625,2320.0,1119284
2025-06-18,2232.9482421875,2297.300048828125,2331.39990234375,2285.5,2327.699951171875,2056563
2025-06-19,2229.93505859375,2294.199951171875,2307.800048828125,2290.300048828125,2300.10009765625,1214549
2025-06-20,2241.59912109375,2306.199951171875,2313.0,2292.39990234375,2295.0,2685864
2025-06-23,2234.62548828125,2275.10009765625,2286.0,2258.699951171875,2283.39990234375,842856
2025-06-24,2222.839111328125,2263.10009765625,2301.0,2260.300048828125,2295.0,2440747
2025-06-25,2238.1611328125,2278.699951171875,2290.5,2271.39990234375,2279.0,1047270
2025-06-26,2240.223876953125,2280.800048828125,2291.0,2271.60009765625,2288.89990234375,1874722
2025-06-27,2265.859375,2306.89990234375,2310.5,2279.300048828125,2280.800048828125,1050745
2025-06-30,2253.778564453125,2294.60009765625,2317.0,2288.0,2309.89990234375,1403754
2025-07-01,2254.662353515625,2295.5,2302.60009765625,2286.60009765625,2300.0,759914
2025-07-02,2266.05615234375,2307.10009765625,2309.0,2287.60009765625,2295.0,1128034
2025-07-03,2272.243896484375,2313.39990234375,2326.89990234375,2304.0,2310.0,1060039
2025-07-04,2297.68310546875,2339.300048828125,2341.39990234375,2310.300048828125,2318.0,1242346
2025-07-07,2367.518310546875,2410.39990234375,2415.699951171875,2341.0,2341.0,2701583
2025-07-08,2350.133056640625,2392.699951171875,2418.5,2386.0,2405.39990234375,1471046
2025-07-09,2380.286865234375,2423.39990234375,2439.699951171875,2397.10009765625,2399.0,1741690
2025-07-10,2365.553955078125,2408.39990234375,2434.0,2397.60009765625,2423.39990234375,1053695
2025-07-11,2474.775634765625,2519.60009765625,2530.0,2461.0,2500.0,7242235
2025-07-14,2471.8291015625,2516.60009765625,2532.5,2490.0,2500.0,2427712
2025-07-15,2481.94580078125,2526.89990234375,2529.89990234375,2510.0,2520.699951171875,1700294
2025-07-16,2472.811279296875,2517.60009765625,2532.89990234375,2507.5,2526.300048828125,1284379
2025-07-17,2465.14990234375,2509.800048828125,2525.39990234375,2506.199951171875,2513.0,807474
2025-07-18,2445.309326171875,2489.60009765625,2514.89990234375,2481.5,2514.89990234375,771112
2025-07-21,2421.048828125,2464.89990234375,2493.60009765625,2455.39990234375,2490.89990234375,1169960
2025-07-22,2435.58544921875,2479.699951171875,2485.0,2452.60009765625,2470.0,861632
2025-07-23,2406.806640625,2450.39990234375,2487.0,2442.0,2481.0,1320795
2025-07-24,2394.430908203125,2437.800048828125,2466.0,2421.0,2455.89990234375,693984
2025-07-25,2372.42919921875,2415.39990234375,2428.60009765625,2405.39990234375,2426.10009765625,769388
2025-07-28,2398.163330078125,2441.60009765625,2448.300048828125,2412.300048828125,2415.39990234375,987995
2025-07-29,2409.949951171875,2453.60009765625,2457.5,2429.699951171875,2444.800048828125,732282
2025-07-30,2394.037841796875,2437.39990234375,2452.89990234375,2398.5,2442.0,1224146
2025-07-31,2476.34716796875,2521.199951171875,2549.0,2420.10009765625,2420.10009765625,5505507
2025-08-01,2508.26904296875,2553.699951171875,2727.5,2536.89990234375,2550.0,4259653
2025-08-04,2498.44677734375,2543.699951171875,2583.199951171875,2535.10009765625,2547.0,1293028
2025-08-05,2489.60693359375,2534.699951171875,2553.0,2517.300048828125,2537.5,756361
2025-08-06,2490.490966796875,2535.60009765625,2563.10009765625,2526.60009765625,2538.699951171875,885487
2025-08-07,2472.712890625,2517.5,2544.0,2495.0,2535.699951171875,847151
2025-08-08,2454.1494140625,2498.60009765625,2529.89990234375,2486.60009765625,2516.0,839794
2025-08-11,2473.5966796875,2518.39990234375,2524.5,2478.5,2490.10009765625,992436
2025-08-12,2439.612548828125,2483.800048828125,2536.60009765625,2480.10009765625,2518.0,1406211
2025-08-13,2450.711669921875,2495.10009765625,2501.5,2473.39990234375,2485.0,969803
2025-08-14,2436.469482421875,2480.60009765625,2509.0,2473.199951171875,2498.89990234375,1104362
2025-08-18,2522.4130859375,2568.10009765625,2597.0,2521.300048828125,2539.0,3089136
2025-08-19,2558.4599609375,2604.800048828125,2615.0,2558.39990234375,2572.199951171875,1400717
2025-08-20,2622.3037109375,2669.800048828125,2680.0,2588.5,2599.0,3156954
2025-08-21,2600.891357421875,2648.0,2667.10009765625,2627.300048828125,2667.10009765625,2235686
2025-08-22,2583.11328125,2629.89990234375,2658.5,2619.0,2647.0,1223445
2025-08-25,2584.783203125,2631.60009765625,2643.0,2615.199951171875,2643.0,667598
2025-08-26,2644.697998046875,2692.60009765625,2705.0,2624.60009765625,2624.60009765625,4348648
2025-08-28,2607.177490234375,2654.39990234375,2748.0,2646.800048828125,2748.0,3198743
2025-08-29,2612.4814453125,2659.800048828125,2723.0,2641.39990234375,2664.800048828125,1972773
2025-09-01,2602.36474609375,2649.5,2673.300048828125,2639.300048828125,2659.800048828125,1096729
2025-09-02,2629.37548828125,2677.0,2692.39990234375,2645.10009765625,2649.0,1525106
2025-09-03,2617.294189453125,2664.699951171875,2686.89990234375,2658.300048828125,2681.0,1010692
2025-09-04,2619.16064453125,2666.60009765625,2750.0,2655.5,2750.0,2494678
2025-09-05,2586.55078125,2633.39990234375,2672.89990234375,2623.800048828125,2667.60009765625,944879
2025-09-08,2577.219970703125,2623.89990234375,2644.60009765625,2618.800048828125,2630.0,903410
2025-09-09,2594.998046875,2642.0,2646.199951171875,2611.300048828125,2637.0,1610956
2025-09-10,2596.471435546875,2643.5,2652.89990234375,2619.0,2642.0,1031486
2025-09-11,2575.35400390625,2622.0,2657.699951171875,2614.0,2643.800048828125,1212707
2025-09-12,2534.592041015625,2580.5,2628.89990234375,2569.0,2625.0,1368380
2025-09-15,2535.083251953125,2581.0,2593.39990234375,2568.39990234375,2580.5,752745
2025-09-16,2534.985107421875,2580.89990234375,2590.0,2572.60009765625,2588.199951171875,1040928
2025-09-17,2523.984130859375,2569.699951171875,2591.10009765625,2566.5,2587.0,970247
2025-09-18,2540.780029296875,2586.800048828125,2609.89990234375,2570.89990234375,2570.89990234375,1550153
2025-09-19,2514.06396484375,2559.60009765625,2604.699951171875,2554.800048828125,2600.0,2214708
2025-09-22,2526.43994140625,2572.199951171875,2587.199951171875,2560.199951171875,2569.0,1174161
2025-09-23,2477.329345703125,2522.199951171875,2575.300048828125,2518.199951171875,2568.89990234375,1430474
2025-09-24,2504.143798828125,2549.5,2576.0,2510.0,2522.199951171875,1882881
2025-09-25,2493.14306640625,2538.300048828125,2567.5,2531.800048828125,2546.0,1624258
2025-09-26,2467.1142578125,2511.800048828125,2545.39990234375,2499.39990234375,2535.0,885612
2025-09-29,2453.46142578125,2497.89990234375,2517.39990234375,2443.0,2495.0,2403556
2025-09-30,2469.66796875,2514.39990234375,2526.300048828125,2491.60009765625,2497.89990234375,1678088
2025-10-01,2491.080322265625,2536.199951171875,2550.0,2497.89990234375,2515.39990234375,1483899
2025-10-03,2499.62548828125,2544.89990234375,2548.60009765625,2508.300048828125,2536.199951171875,1242611
2025-10-06,2496.580810546875,2541.800048828125,2549.60009765625,2520.199951171875,2535.199951171875,818923
2025-10-07,2472.418212890625,2517.199951171875,2559.39990234375,2508.300048828125,2540.0,1291750
2025-10-08,2455.62255859375,2500.10009765625,2525.0,2486.10009765625,2511.0,1225128
2025-10-09,2472.811279296875,2517.60009765625,2523.0,2498.300048828125,2501.0,1259173
2025-10-10,2483.91015625,2528.89990234375,2534.89990234375,2506.5,2510.0,1018875
2025-10-13,2448.452392578125,2492.800048828125,2531.60009765625,2485.39990234375,2519.199951171875,1114750
2025-10-14,2457.783447265625,2502.300048828125,2509.199951171875,2482.300048828125,2493.0,1461017
2025-10-15,2474.186279296875,2519.0,2531.800048828125,2502.60009765625,2502.60009765625,881070
2025-10-16,2515.93017578125,2561.5,2568.5,2507.10009765625,2517.800048828125,1446646
2025-10-17,2557.37939453125,2603.699951171875,2615.0,2560.0,2565.5,2050690
2025-10-20,2548.24462890625,2594.39990234375,2624.699951171875,2585.60009765625,2609.0,1011485
2025-10-21,2545.593017578125,2591.699951171875,2606.699951171875,2585.10009765625,2594.0,82020
2025-10-23,2555.31689453125,2601.60009765625,2667.199951171875,2596.10009765625,2601.0,3386744
2025-10-24,2471.63232421875,2516.39990234375,2584.0,2474.5,2584.0,3110800
2025-10-27,2467.1142578125,2511.800048828125,2525.0,2506.0,2516.39990234375,2127832
2025-10-28,2452.676025390625,2497.10009765625,2526.0,2481.89990234375,2519.0,2294976
2025-10-29,2443.8359375,2488.10009765625,2513.60009765625,2484.0,2512.60009765625,1870143
2025-10-30,2425.6650390625,2469.60009765625,2497.0,2454.89990234375,2491.0,1195631
2025-10-31,2421.637939453125,2465.5,2479.5,2452.89990234375,2469.0,1401937
2025-11-03,2416.23583984375,2460.0,2474.89990234375,2440.300048828125,2456.10009765625,1049185
2025-11-04,2402.190185546875,2445.699951171875,2463.300048828125,2441.300048828125,2460.0,1251588
2025-11-06,2392.662841796875,2436.0,2463.89990234375,2432.60009765625,2463.89990234375,1329256
2025-11-07,2389.693115234375,2414.0,2425.0,2400.60009765625,2417.0,817896
2025-11-10,2384.54541015625,2408.800048828125,2429.300048828125,2404.0,2405.0,780558
2025-11-11,2403.05712890625,2427.5,2433.699951171875,2403.10009765625,2422.199951171875,1422399
2025-11-12,2400.08740234375,2424.5,2434.800048828125,2416.199951171875,2430.60009765625,1680827
2025-11-13,2383.357666015625,2407.60009765625,2431.0,2405.0,2429.0,1256059
2025-11-14,2403.255126953125,2427.699951171875,2430.199951171875,2392.0,2405.10009765625,975973
2025-11-17,2400.582275390625,2425.0,2438.39990234375,2416.0,2431.39990234375,920038
2025-11-18,2379.793701171875,2404.0,2422.89990234375,2401.89990234375,2415.800048828125,1229034
2025-11-19,2417.015380859375,2441.60009765625,2450.699951171875,2411.0,2412.0,1465143
2025-11-20,2403.947998046875,2428.39990234375,2459.0,2425.0,2445.10009765625,1396929
2025-11-21,2409.19482421875,2433.699951171875,2443.199951171875,2413.0,2436.199951171875,1840712
2025-11-24,2399.790283203125,2424.199951171875,2444.89990234375,2413.0,2441.89990234375,4092327
2025-11-25,2389.792236328125,2414.10009765625,2424.199951171875,2406.0,2422.0,1240672
2025-11-26,2400.7802734375,2425.199951171875,2427.699951171875,2409.0,2412.0,1242683
2025-11-27,2427.013427734375,2451.699951171875,2459.699951171875,2425.0,2426.10009765625,1872248
2025-11-28,2441.763671875,2466.60009765625,2470.0,2447.199951171875,2450.0,973225
2025-12-01,2439.6845703125,2464.5,2488.0,2458.800048828125,2466.60009765625,1924828
2025-12-02,2452.850830078125,2477.800048828125,2484.39990234375,2460.0,2471.0,2179406
2025-12-03,2423.350830078125,2448.0,2484.89990234375,2403.10009765625,2478.199951171875,3535932
2025-12-04,2437.40771484375,2462.199951171875,2483.0,2423.199951171875,2440.0,2587753
2025-12-05,2315.052490234375,2338.60009765625,2422.0,2286.699951171875,2422.0,4008271
2025-12-08,2290.699951171875,2314.0,2355.10009765625,2302.0,2350.10009765625,1898154
2025-12-09,2283.275634765625,2306.5,2330.39990234375,2298.10009765625,2318.0,1471488
2025-12-10,2278.52392578125,2301.699951171875,2316.89990234375,2295.0,2306.5,2857290
2025-12-11,2282.384765625,2305.60009765625,2313.0,2292.0,2296.300048828125,1108032
2025-12-12,2237.837890625,2260.60009765625,2309.0,2244.699951171875,2306.89990234375,3203114
2025-12-15,2270.406494140625,2293.5,2299.0,2252.0,2260.60009765625,1274115
2025-12-16,2258.13134765625,2281.10009765625,2302.699951171875,2276.0,2293.39990234375,1256042
2025-12-17,2252.686767578125,2275.60009765625,2286.199951171875,2268.300048828125,2281.199951171875,808100
2025-12-18,2242.6884765625,2265.5,2278.300048828125,2255.300048828125,2270.0,1057295
2025-12-19,2257.04248046875,2280.0,2284.800048828125,2263.699951171875,2263.699951171875,1237214
2025-12-22,2266.44677734375,2289.5,2295.0,2280.0,2280.0,790773
2025-12-23,2279.414794921875,2302.60009765625,2310.0,2280.699951171875,2289.300048828125,1128801
2025-12-24,2259.22021484375,2282.199951171875,2305.0,2278.10009765625,2302.60009765625,519380
2025-12-26,2262.387939453125,2285.39990234375,2290.0,2275.0,2282.300048828125,533626
2025-12-29,2270.20849609375,2293.300048828125,2298.699951171875,2280.0,2288.89990234375,1086695
2025-12-30,2267.1396484375,2290.199951171875,2298.0,2283.0,2293.300048828125,1556717
2025-12-31,2292.580810546875,2315.89990234375,2325.5,2286.800048828125,2290.0,1324220
2026-01-01,2299.609375,2323.0,2326.0,2300.0,2322.0,758866
2026-01-02,2324.357666015625,2348.0,2357.699951171875,2322.0,2326.0,973413
2026-01-05,2360.09423828125,2384.10009765625,2394.0,2336.39990234375,2341.5,1344113
2026-01-06,2400.285400390625,2424.699951171875,2428.10009765625,2367.800048828125,2398.800048828125,1584720
2026-01-07,2375.239990234375,2399.39990234375,2421.89990234375,2382.0,2416.0,892690
2026-01-08,2362.66796875,2386.699951171875,2418.10009765625,2368.10009765625,2389.0,1163828
2026-01-09,2348.7099609375,2372.60009765625,2386.0,2361.0,2382.0,1189464
2026-01-12,2381.9716796875,2406.199951171875,2413.89990234375,2361.0,2362.0,1057665
2026-01-13,2365.439697265625,2389.5,2422.199951171875,2365.0,2415.10009765625,1519683
2026-01-14,2329.80224609375,2353.5,2398.89990234375,2341.0,2398.89990234375,1027639
2026-01-15,2329.80224609375,2353.5,2353.5,2353.5,2353.5,0
2026-01-16,2336.6328125,2360.39990234375,2372.89990234375,2348.89990234375,2370.0,1367606
2026-01-19,2389.593994140625,2413.89990234375,2425.39990234375,2353.0,2353.0,1505238
2026-01-20,2355.14453125,2379.10009765625,2439.0,2368.5,2423.0,1460806
2026-01-21,2344.15625,2368.0,2400.5,2360.0,2379.10009765625,1020245
2026-01-22,2366.52880859375,2390.60009765625,2402.0,2365.699951171875,2368.89990234375,1745964
2026-01-23,2385.238525390625,2409.5,2434.300048828125,2376.800048828125,2400.0,1378097
2026-01-27,2376.724853515625,2400.89990234375,2421.60009765625,2380.5,2412.0,2060117
2026-01-28,2354.451416015625,2378.39990234375,2420.199951171875,2340.60009765625,2403.10009765625,1797593
2026-01-29,2328.911376953125,2352.60009765625,2374.699951171875,2312.0,2370.5,1478536
2026-01-30,2349.10595703125,2373.0,2385.0,2340.0,2341.0,2090462
2026-02-02,2333.56396484375,2357.300048828125,2360.0,2303.0,2356.10009765625,1375089
2026-02-03,2344.750244140625,2368.60009765625,2399.89990234375,2343.300048828125,2390.0,1553270
2026-02-04,2347.1259765625,2371.0,2393.5,2356.800048828125,2360.60009765625,1232755
2026-02-05,2330.693115234375,2354.39990234375,2423.0,2351.60009765625,2362.5,1962066
2026-02-06,2399.790283203125,2424.199951171875,2429.0,2337.5,2354.39990234375,1421995
2026-02-09,2410.481689453125,2435.0,2439.0,2402.0,2425.0,958484
2026-02-10,2428.89453125,2453.60009765625,2458.10009765625,2430.10009765625,2435.0,792532
2026-02-11,2438.1005859375,2462.89990234375,2470.60009765625,2447.0,2460.0,1137856
2026-02-12,2385.436279296875,2409.699951171875,2479.60009765625,2350.10009765625,2475.0,4656164
2026-02-13,2281.988525390625,2305.199951171875,2400.0,2300.300048828125,2400.0,2791519
2026-02-16,2295.649658203125,2319.0,2327.0,2288.10009765625,2308.10009765625,2036833
2026-02-17,2289.01708984375,2312.300048828125,2326.0,2303.39990234375,2309.300048828125,1233244
2026-02-18,2300.1044921875,2323.5,2328.89990234375,2306.0,2312.60009765625,830787
2026-02-19,2256.349365234375,2279.300048828125,2337.39990234375,2275.60009765625,2336.0,940180
2026-02-20,2291.195068359375,2314.5,2331.199951171875,2278.300048828125,2285.0,1716316
2026-02-23,2321.78369140625,2345.39990234375,2350.0,2320.800048828125,2325.0,1300035
2026-02-24,2334.85107421875,2358.60009765625,2372.0,2330.300048828125,2331.10009765625,1544803
2026-02-25,2350.98681640625,2374.89990234375,2380.0,2349.0,2368.89990234375,1158620
2026-02-26,2359.30224609375,2383.300048828125,2387.300048828125,2355.199951171875,2378.0,1470677
2026-02-27,2314.557373046875,2338.10009765625,2378.89990234375,2330.60009765625,2369.300048828125,3053227
2026-03-02,2297.233642578125,2320.60009765625,2354.0,2290.199951171875,2303.0,2273224
2026-03-04,2238.53076171875,2261.300048828125,2311.60009765625,2252.10009765625,2292.89990234375,2648737
2026-03-05,2232.294189453125,2255.0,2277.800048828125,2228.39990234375,2275.5,1751288
2026-03-06,2203.2890625,2225.699951171875,2250.0,2219.5,2245.10009765625,1674258
2026-03-09,2172.50244140625,2194.60009765625,2200.0,2170.39990234375,2199.0,1512817
2026-03-10,2168.146484375,2190.199951171875,2224.0,2175.0,2224.0,1084986
2026-03-11,2139.636474609375,2161.39990234375,2195.0,2156.0,2190.199951171875,1313256
2026-03-12,2115.383056640625,2136.89990234375,2165.10009765625,2109.300048828125,2165.10009765625,1791973
2026-03-13,2138.250732421875,2160.0,2191.89990234375,2120.300048828125,2136.0,2298875
2026-03-16,2153.79248046875,2175.699951171875,2186.699951171875,2154.0,2169.60009765625,1981511
2026-03-17,2136.46875,2158.199951171875,2184.800048828125,2145.5,2172.800048828125,1705956
2026-03-18,2113.79931640625,2135.300048828125,2175.0,2129.699951171875,2165.0,2441148
2026-03-19,2056.383544921875,2077.300048828125,2133.60009765625,2070.10009765625,2112.0,2098905
2026-03-20,2061.72900390625,2082.699951171875,2099.800048828125,2069.0,2099.699951171875,2429744
2026-03-23,2031.5361328125,2052.199951171875,2097.0,2033.300048828125,2062.300048828125,2599535
2026-03-24,2064.005859375,2085.0,2115.0,2066.0,2070.0,1702418
2026-03-25,2113.304443359375,2134.800048828125,2154.699951171875,2086.0,2098.0,2069217
2026-03-27,2053.512451171875,2074.39990234375,2127.0,2069.5,2123.300048828125,2789151
2026-03-30,2034.505859375,2055.199951171875,2082.39990234375,2046.199951171875,2064.0,2482193
2026-04-01,2043.91015625,2064.699951171875,2119.89990234375,2052.0,2119.89990234375,2028470
2026-04-02,2044.5042724609375,2065.300048828125,2069.89990234375,2022.5,2055.0,1431905
2026-04-06,2063.807861328125,2084.800048828125,2092.800048828125,2041.9000244140625,2065.300048828125,1661298
2026-04-07,2089.34814453125,2110.60009765625,2119.5,2050.800048828125,2064.699951171875,2709707
2026-04-08,2123.995849609375,2145.60009765625,2192.800048828125,2130.0,2130.0,3794437
2026-04-09,2111.720458984375,2133.199951171875,2162.89990234375,2115.0,2145.5,2506245
2026-04-10,2133.59814453125,2155.300048828125,2170.0,2121.39990234375,2133.199951171875,2144484
2026-04-13,2105.781005859375,2127.199951171875,2140.699951171875,2113.5,2131.0,1994541
2026-04-15,2135.875,2157.60009765625,2168.0,2140.89990234375,2140.89990234375,1552971
2026-04-16,2117.561279296875,2139.10009765625,2163.699951171875,2129.10009765625,2158.0,1845734
2026-04-17,2218.237060546875,2240.800048828125,2245.0,2133.0,2142.0,4882697
2026-04-20,2209.03076171875,2231.5,2253.39990234375,2223.199951171875,2240.800048828125,1460822
2026-04-21,2287.43310546875,2310.699951171875,2335.699951171875,2227.199951171875,2238.699951171875,3217281
2026-04-22,2344.9482421875,2368.800048828125,2408.0,2310.39990234375,2310.39990234375,5558325
2026-04-23,2342.572265625,2366.39990234375,2400.0,2336.0,2336.0,2063531
2026-04-24,2303.8662109375,2327.300048828125,2388.60009765625,2299.0,2388.60009765625,1676706
2026-04-27,2304.856201171875,2328.300048828125,2362.800048828125,2325.0,2334.89990234375,1099681
2026-04-28,2266.44677734375,2289.5,2334.39990234375,2281.10009765625,2321.0,1629120
2026-04-29,2291.095947265625,2314.39990234375,2349.699951171875,2291.0,2305.0,1778765
2026-04-30,2228.2353515625,2250.89990234375,2368.800048828125,2211.60009765625,2312.0,4434979
2026-05-01,2228.2353515625,2250.89990234375,2250.89990234375,2250.89990234375,2250.89990234375,0
2026-05-04,2286.04736328125,2309.300048828125,2365.800048828125,2268.800048828125,2268.800048828125,2554255
2026-05-05,2303.965087890625,2327.39990234375,2335.39990234375,2288.10009765625,2301.5,1741424
2026-05-06,2293.768798828125,2317.10009765625,2339.39990234375,2288.300048828125,2330.0,1196175
2026-05-07,2249.32080078125,2272.199951171875,2327.89990234375,2268.10009765625,2310.0,1859012
2026-05-08,2264.664794921875,2287.699951171875,2297.300048828125,2256.0,2272.199951171875,1104526
2026-05-11,2283.968505859375,2307.199951171875,2317.10009765625,2259.199951171875,2277.10009765625,1903862
2026-05-12,2239.2236328125,2262.0,2307.0,2256.0,2285.300048828125,983506
2026-05-13,2244.47021484375,2267.300048828125,2295.800048828125,2250.0,2265.0,1308559
2026-05-14,2226.057373046875,2248.699951171875,2285.89990234375,2245.0,2268.0,1380764
2026-05-15,2249.32080078125,2272.199951171875,2298.89990234375,2246.199951171875,2248.699951171875,1038522
2026-05-18,2231.502197265625,2254.199951171875,2265.0,2224.699951171875,2263.10009765625,1118204
2026-05-19,2210.41650390625,2232.89990234375,2282.0,2229.5,2242.0,1145022
2026-05-20,2187.05419921875,2209.300048828125,2226.89990234375,2201.0,2224.89990234375,1071994
2026-05-21,2157.059326171875,2179.0,2229.0,2176.0,2224.0,1581812
2026-05-22,2181.411865234375,2203.60009765625,2224.5,2175.39990234375,2180.0,1382889
2026-05-25,2174.383056640625,2196.5,2238.10009765625,2192.89990234375,2215.0,780722
2026-05-26,2187.153076171875,2209.39990234375,2220.0,2190.0,2199.60009765625,2302703
2026-05-27,2176.263916015625,2198.39990234375,2214.60009765625,2187.0,2205.10009765625,616538
2026-05-28,2176.263916015625,2198.39990234375,2198.39990234375,2198.39990234375,2198.39990234375,0
2026-05-29,2131.816162109375,2153.5,2207.800048828125,2118.10009765625,2133.5,17701621
2026-06-01,2063.31298828125,2084.300048828125,2167.5,2080.300048828125,2158.5,1470488
2026-06-02,2072.6181640625,2093.699951171875,2097.0,2065.699951171875,2079.0,2148903
2026-06-03,2069.549560546875,2090.60009765625,2099.60009765625,2072.199951171875,2092.0,1544973
2026-06-04,2058.462158203125,2079.39990234375,2110.89990234375,2073.5,2089.0,2142735
2026-06-05,2100.138427734375,2121.5,2127.5,2077.199951171875,2086.699951171875,1822999
2026-06-08,2088.853271484375,2110.10009765625,2125.0,2091.5,2105.300048828125,1601497
2026-06-09,2111.32470703125,2132.800048828125,2138.60009765625,2110.10009765625,2119.699951171875,1460636
2026-06-10,2147.655029296875,2169.5,2204.89990234375,2133.5,2134.89990234375,2325534
2026-06-11,2118.254150390625,2139.800048828125,2165.0,2135.300048828125,2164.0,1178896
2026-06-12,2146.962158203125,2168.800048828125,2179.39990234375,2145.0,2151.199951171875,1156153
2026-06-15,2134.39013671875,2156.10009765625,2211.0,2150.0,2200.0,1439449
2026-06-16,2177.748779296875,2199.89990234375,2209.0,2160.10009765625,2161.0,1337309
2026-06-17,2175.47216796875,2197.60009765625,2224.60009765625,2183.0,2201.10009765625,1511401
2026-06-18,2196.16162109375,2218.5,2221.60009765625,2196.800048828125,2208.699951171875,1120482
2026-06-19,2172.50244140625,2194.60009765625,2210.60009765625,2179.89990234375,2209.60009765625,1508994
2026-06-22,2162.89990234375,2184.89990234375,2208.199951171875,2182.5,2203.699951171875,765860
2026-06-23,2160.10009765625,2160.10009765625,2179.699951171875,2156.0,2160.10009765625,710082
2026-06-24,2157.800048828125,2157.800048828125,2166.0,2140.0,2160.0,942271
2026-06-25,2174.199951171875,2174.199951171875,2200.89990234375,2161.0,2161.0,1898262
2026-06-26,2174.199951171875,2174.199951171875,2174.199951171875,2174.199951171875,2174.199951171875,0
2026-06-29,2151.300048828125,2151.300048828125,2189.89990234375,2143.0,2172.0,1423514
2026-06-30,2118.199951171875,2118.199951171875,2151.300048828125,2114.199951171875,2151.0,2364422
2026-07-01,2182.0,2182.0,2190.0,2120.199951171875,2133.5,2497576
2026-07-02,2210.60009765625,2210.60009765625,2216.0,2179.199951171875,2186.0,2585362
2026-07-03,2201.199951171875,2201.199951171875,2239.300048828125,2190.0,2224.89990234375,1536616
2026-07-06,2202.0,2202.0,2221.39990234375,2190.300048828125,2202.10009765625,2131061
2026-07-07,2208.800048828125,2208.800048828125,2219.39990234375,2193.699951171875,2200.0,2552492
2026-07-08,2135.800048828125,2135.800048828125,2199.0,2130.0,2199.0,1326689
2026-07-09,2144.5,2144.5,2166.800048828125,2137.10009765625,2139.0,2201039
2026-07-10,2150.60009765625,2150.60009765625,2178.0,2145.0,2151.5,1665179
2026-07-13,2130.60009765625,2130.60009765625,2143.0,2120.0,2143.0,1833988
2026-07-14,2120.199951171875,2120.199951171875,2145.0,2116.10009765625,2125.0,2681897
2026-07-15,2102.60009765625,2102.60009765625,2128.5,2091.0,2121.0,2029614
2026-07-16,2098.39990234375,2098.39990234375,2123.0,2096.0,2104.89990234375,2143092
2026-07-17,2143.800048828125,2143.800048828125,2154.5,2092.10009765625,2100.0,1059832
2026-07-20,2139.699951171875,2139.699951171875,2153.800048828125,2128.39990234375,2153.800048828125,689849
2026-07-21,2142.5,2142.5,2147.699951171875,2127.5,2139.699951171875,1032417
2026-07-22,2154.60009765625,2154.60009765625,2159.89990234375,2130.0,2139.699951171875,819175
2026-07-23,2161.800048828125,2161.800048828125,2166.0,2139.89990234375,2150.0,833281
2026-07-24,2145.0,2145.0,2163.0,2139.0,2148.0,1603494
2026-07-27,2174.60009765625,2174.60009765625,2181.300048828125,2152.39990234375,2155.0,698681
2026-07-28,2022.699951171875,2022.699951171875,2213.0,2016.0,2174.60009765625,9947304
2026-07-29,2117.800048828125,2117.800048828125,2123.0,2047.0,2050.5,5183374
2026-07-30,2107.89990234375,2107.89990234375,2132.60009765625,2088.0,2120.0,2602039
2026-07-31,2101.300048828125,2101.300048828125,2119.60009765625,2091.10009765625,2119.60009765625,1759019
