Date,Adj Close,Close,High,Low,Open,Volume
2021-08-02,163.22601318359375,199.61233520507812,199.80491638183594,197.8309326171875,198.79385375976562,10046707
2021-08-03,165.273193359375,202.11590576171875,203.07882690429688,198.79385375976562,199.80491638183594,19179805
2021-08-04,164.24960327148438,200.86412048339844,203.2714080810547,200.38265991210938,203.07882690429688,11421835
2021-08-05,169.4857177734375,207.2675018310547,208.71188354492188,199.22715759277344,200.86412048339844,48995450
2021-08-06,168.6983642578125,206.30459594726562,207.98968505859375,204.7157745361328,207.4119415283203,24489836
2021-08-09,168.34402465820312,205.87127685546875,209.0970458984375,204.81207275390625,207.0267791748047,21142199
2021-08-10,165.23382568359375,202.06776428222656,206.49717712402344,200.81597900390625,206.06385803222656,18855165
2021-08-11,164.2889404296875,200.91226196289062,202.78994750976562,199.7567596435547,202.06776428222656,16012451
2021-08-12,164.4857940673828,201.1529998779297,206.25643920898438,200.62339782714844,202.4529266357422,28758718
2021-08-13,166.49365234375,203.60842895507812,204.42691040039062,201.44186401367188,202.06776428222656,19576945
2021-08-16,166.06057739257812,203.07882690429688,205.3416748046875,202.69366455078125,203.56028747558594,11621038
2021-08-17,164.72203063964844,201.44186401367188,203.6565704345703,201.05670166015625,202.98252868652344,8161139
2021-08-18,164.5251922607422,201.20114135742188,203.6565704345703,200.62339782714844,201.82704162597656,11149120
2021-08-20,164.4857940673828,201.1529998779297,202.88624572753906,199.03457641601562,199.32345581054688,20168965
2021-08-23,162.43858337402344,198.6494140625,202.40478515625,198.36053466796875,201.73074340820312,10319044
2021-08-24,162.0055389404297,198.11981201171875,199.32345581054688,197.10874938964844,199.32345581054688,12971124
2021-08-25,162.517333984375,198.74571228027344,200.19007873535156,198.36053466796875,198.74571228027344,10994627
2021-08-26,161.1000213623047,197.01246643066406,199.17901611328125,196.771728515625,198.74571228027344,15407558
2021-08-27,162.1236572265625,198.26425170898438,199.17901611328125,197.30133056640625,197.3976287841797,10879860
2021-08-30,163.7771453857422,200.286376953125,200.4789581298828,198.36053466796875,198.36053466796875,12550267
2021-08-31,166.3755340576172,203.4639892578125,203.75286865234375,199.56417846679688,200.3345184326172,26802390
2021-09-01,164.958251953125,201.73074340820312,204.42691040039062,201.5381622314453,203.17510986328125,16867486
2021-09-02,165.15512084960938,201.97146606445312,203.6565704345703,201.24928283691406,201.24928283691406,14872714
2021-09-03,165.82437133789062,202.78994750976562,203.4158477783203,201.97146606445312,201.97146606445312,10622796
2021-09-06,164.80079650878906,201.5381622314453,203.36770629882812,201.2974395751953,203.17510986328125,11041632
2021-09-07,166.7299041748047,203.89730834960938,206.40087890625,202.3566436767578,203.07882690429688,38933378
2021-09-08,166.33619689941406,203.4158477783203,205.1009521484375,201.92332458496094,204.37875366210938,17897021
2021-09-09,167.43853759765625,204.76393127441406,205.9675750732422,202.74180603027344,203.2232666015625,19784972
2021-09-13,168.61962890625,206.2082977294922,207.1712188720703,203.94544982910156,205.43797302246094,16661794
2021-09-14,170.15501403808594,208.0859832763672,209.19334411621094,206.25643920898438,206.93048095703125,20377545
2021-09-15,170.0762939453125,207.98968505859375,209.1451873779297,207.31565856933594,209.0489044189453,21028598
2021-09-16,181.69027709960938,222.19268798828125,224.9851531982422,208.278564453125,208.9044647216797,154986538
2021-09-17,182.00523376464844,222.57786560058594,228.49978637695312,220.6038818359375,224.3592529296875,82563658
2021-09-20,184.05245971679688,225.08143615722656,230.47377014160156,221.7112274169922,222.4334259033203,73101936
2021-09-21,190.15475463867188,232.54403686523438,233.45880126953125,223.1074676513672,226.2369384765625,58854434
2021-09-22,191.72952270507812,234.46986389160156,236.6845703125,231.77369689941406,234.46986389160156,54648494
2021-09-23,190.9420928955078,233.50694274902344,236.4919891357422,232.7366180419922,235.9142303466797,22630330
2021-09-24,187.75318908691406,229.60714721679688,234.95132446289062,228.88494873046875,234.95132446289062,25779310
2021-09-27,187.95005798339844,229.84786987304688,232.8810577392578,226.76654052734375,230.90707397460938,23772123
2021-09-28,187.20201110839844,228.93310546875,232.64031982421875,227.536865234375,230.95521545410156,16319138
2021-09-29,187.4776153564453,229.27012634277344,232.44773864746094,226.95912170410156,227.2480010986328,16045073
2021-09-30,185.94219970703125,227.39244079589844,231.4848175048828,226.52581787109375,231.0033721923828,16987893
2021-10-01,185.3123016357422,226.62210083007812,228.21090698242188,224.26295471191406,226.4776611328125,16570661
2021-10-04,186.2965087890625,227.82574462890625,229.51084899902344,226.6702423095703,227.2480010986328,11098123
2021-10-05,184.80047607421875,225.99620056152344,228.64422607421875,225.80361938476562,227.63316345214844,9578825
2021-10-06,182.083984375,222.6741485595703,227.63316345214844,222.04824829101562,226.09249877929688,18179336
2021-10-07,183.42254638671875,224.3111114501953,226.2369384765625,223.68521118164062,224.3592529296875,10770973
2021-10-08,182.4383087158203,223.1074676513672,226.09249877929688,222.62600708007812,226.0443572998047,10114327
2021-10-11,187.43824768066406,229.2219696044922,230.61819458007812,223.1074676513672,223.39633178710938,22000303
2021-10-12,189.99725341796875,232.3514404296875,233.9884033203125,229.173828125,229.75157165527344,30347455
2021-10-13,196.21763610839844,239.95848083496094,241.59542846679688,231.2440948486328,233.5550994873047,52091422
2021-10-14,202.0049591064453,247.03590393066406,252.1393585205078,241.06582641601562,243.85829162597656,88696178
2021-10-18,206.72930908203125,252.8134002685547,255.46141052246094,247.80624389648438,251.3208770751953,62614961
2021-10-19,193.65863037109375,236.82901000976562,252.8134002685547,235.96238708496094,251.70603942871094,61336411
2021-10-20,194.17042541503906,237.45489501953125,239.28443908691406,233.3625030517578,236.82901000976562,49663940
2021-10-21,192.67437744140625,235.6253662109375,239.13999938964844,234.08470153808594,238.802978515625,23385990
2021-10-22,186.2965087890625,227.82574462890625,236.6845703125,225.03329467773438,235.6253662109375,36905793
2021-10-25,183.77687072753906,224.74441528320312,227.87388610839844,221.95196533203125,225.41845703125,23194065
2021-10-26,186.37525939941406,227.9220428466797,230.13674926757812,223.97409057617188,225.41845703125,19663381
2021-10-27,187.75318908691406,229.60714721679688,232.3514404296875,227.44058227539062,231.34039306640625,26909428
2021-10-28,177.2415313720703,216.75222778320312,227.19985961914062,215.8374481201172,226.38137817382812,48064941
2021-10-29,175.74549865722656,214.9226837158203,219.785400390625,214.05606079101562,216.6559295654297,27668175
2021-11-01,178.6194610595703,218.43731689453125,219.11135864257812,214.24864196777344,215.8374481201172,24090945
2021-11-02,177.63523864746094,217.23367309570312,220.74832153320312,216.17446899414062,219.544677734375,14896284
2021-11-03,175.15496826171875,214.20050048828125,218.43731689453125,213.47830200195312,217.6188507080078,18530527
2021-11-04,178.38323974609375,218.14845275878906,218.87063598632812,215.69300842285156,216.51148986816406,7295341
2021-11-08,180.9422607421875,221.27792358398438,222.14454650878906,217.32997131347656,221.18162536621094,21051238
2021-11-09,180.11549377441406,220.26686096191406,222.33712768554688,219.40023803710938,221.32606506347656,11964518
2021-11-10,181.76902770996094,222.2889862060547,224.21481323242188,218.7743377685547,219.01507568359375,13948380
2021-11-11,181.09974670410156,221.4705047607422,222.91488647460938,220.07427978515625,221.8556671142578,8448263
2021-11-12,183.3831787109375,224.26295471191406,225.27401733398438,220.6520233154297,222.62600708007812,12312123
2021-11-15,187.4776153564453,229.27012634277344,230.13674926757812,224.45553588867188,225.27401733398438,40247848
2021-11-16,185.3910369873047,226.71839904785156,230.76263427734375,226.2850799560547,230.1848907470703,15241184
2021-11-17,188.57994079589844,230.61819458007812,236.15496826171875,226.91098022460938,227.2480010986328,48496295
2021-11-18,187.00515747070312,228.69236755371094,233.9884033203125,227.536865234375,231.0996551513672,21005037
2021-11-22,181.80841064453125,222.33712768554688,231.82183837890625,221.03720092773438,229.07752990722656,23443628
2021-11-23,182.35955810546875,223.01116943359375,224.07037353515625,220.6520233154297,220.6520233154297,13950744
2021-11-24,179.2887420654297,219.25579833984375,224.07037353515625,218.5336151123047,223.82965087890625,14684422
2021-11-25,182.12335205078125,222.7222900390625,223.5889129638672,217.37811279296875,218.58175659179688,24825493
2021-11-26,176.37539672851562,215.69300842285156,221.51864624023438,214.82638549804688,220.4113006591797,28067913
2021-11-29,174.4069366455078,213.2857208251953,215.35598754882812,212.033935546875,213.76718139648438,22985358
2021-11-30,174.13136291503906,212.94869995117188,216.8485107421875,211.8413543701172,213.76718139648438,24408641
2021-12-01,174.72186279296875,213.6708984375,215.0189666748047,212.41909790039062,213.76718139648438,13496307
2021-12-02,177.5171356201172,217.08924865722656,217.76327514648438,213.0931396484375,213.6708984375,16517389
2021-12-03,174.5250244140625,213.43016052246094,217.81143188476562,213.14129638671875,216.6559295654297,14325920
2021-12-06,171.57232666015625,209.81922912597656,213.9597625732422,209.43406677246094,213.43016052246094,13644352
2021-12-07,173.73765563964844,212.46725463867188,213.7190399169922,210.01181030273438,210.7821502685547,9246755
2021-12-08,177.1234130859375,216.6077880859375,217.28182983398438,212.8042755126953,212.8042755126953,10241656
2021-12-09,185.35165405273438,226.6702423095703,227.68130493164062,214.7301025390625,214.7301025390625,39714672
2021-12-10,185.90283203125,227.3442840576172,230.08859252929688,225.08143615722656,227.44058227539062,36517117
2021-12-13,184.72174072265625,225.89991760253906,229.89601135253906,225.4665985107422,229.173828125,22903720
2021-12-14,179.99740600585938,220.12242126464844,228.3072052001953,219.11135864257812,226.2850799560547,38953007
2021-12-15,176.41477966308594,215.7411651611328,223.5889129638672,215.11526489257812,221.4705047607422,35987634
2021-12-16,175.50926208496094,214.63380432128906,217.76327514648438,212.61167907714844,217.6188507080078,25131188
2021-12-17,171.6116943359375,209.86737060546875,214.58566284179688,208.71188354492188,214.5375213623047,30827201
2021-12-20,167.24168395996094,204.523193359375,208.2304229736328,202.01962280273438,208.2304229736328,38778895
2021-12-21,167.32040405273438,204.61949157714844,207.4600830078125,203.2232666015625,206.06385803222656,20142586
2021-12-22,166.9267120361328,204.13803100585938,206.25643920898438,203.2714080810547,206.06385803222656,17903428
2021-12-23,171.0998992919922,209.24148559570312,210.3488311767578,205.2935333251953,205.9675750732422,23065082
2021-12-24,171.65106201171875,209.91552734375,212.274658203125,208.42300415039062,209.91552734375,17220191
2021-12-27,171.2967529296875,209.48220825195312,210.3488311767578,207.65267944335938,210.30068969726562,8467106
2021-12-28,173.26519775390625,211.88949584960938,212.41909790039062,209.91552734375,209.91552734375,12014352
2021-12-29,170.66683959960938,208.71188354492188,212.13023376464844,208.278564453125,211.8413543701172,11923119
2021-12-30,170.0762939453125,207.98968505859375,209.81922912597656,207.50823974609375,208.56744384765625,10116360
2021-12-31,171.69041442871094,209.9636688232422,210.68585205078125,208.13412475585938,208.8563232421875,7875890
2022-01-03,172.51719665527344,210.9747314453125,211.69691467285156,209.00074768066406,209.9636688232422,8064567
2022-01-04,173.4226837158203,212.0820770263672,213.47830200195312,210.9265899658203,211.35989379882812,9398805
2022-01-05,173.65890502929688,212.37095642089844,213.2857208251953,210.54141235351562,211.50433349609375,11663111
2022-01-06,172.2022247314453,210.58956909179688,212.2265167236328,210.1081085205078,210.87843322753906,9295303
2022-01-07,171.9660186767578,210.30068969726562,212.46725463867188,209.43406677246094,211.64877319335938,9196075
2022-01-10,175.82421875,215.0189666748047,216.36705017089844,210.7821502685547,211.74505615234375,16451394
2022-01-11,174.76124572753906,213.7190399169922,215.93374633789062,212.99685668945312,215.06712341308594,8329596
2022-01-12,175.39117431640625,214.48936462402344,215.35598754882812,213.38201904296875,214.24864196777344,13665682
2022-01-13,176.33602905273438,215.64486694335938,217.42626953125,214.48936462402344,215.5967254638672,11944029
2022-01-14,175.2730712890625,214.34494018554688,216.46334838867188,214.05606079101562,215.64486694335938,10976796
2022-01-17,176.84783935546875,216.27076721191406,217.23367309570312,213.14129638671875,214.34494018554688,12792728
2022-01-18,173.81639099121094,212.56353759765625,218.87063598632812,212.13023376464844,216.27076721191406,14948456
2022-01-19,173.50144958496094,212.17837524414062,214.15234375,210.58956909179688,212.56353759765625,11915686
2022-01-20,172.24160766601562,210.63771057128906,213.91162109375,209.91552734375,212.37095642089844,17997322
2022-01-21,170.9030303955078,209.00074768066406,212.32281494140625,207.98968505859375,210.39698791503906,17225050
2022-01-24,166.76922607421875,203.94544982910156,209.67478942871094,203.07882690429688,209.00074768066406,18023332
2022-01-25,168.7377166748047,206.3527374267578,206.73789978027344,201.7788848876953,204.13803100585938,19028606
2022-01-27,168.97396850585938,206.64161682128906,207.50823974609375,203.2714080810547,203.4158477783203,24041247
2022-01-28,171.3361053466797,209.5303497314453,211.11917114257812,207.12306213378906,207.12306213378906,15865353
2022-01-31,173.38333129882812,212.033935546875,212.56353759765625,209.0489044189453,210.39698791503906,15618203
2022-02-01,179.32810974121094,219.30393981933594,220.31500244140625,211.0228729248047,212.8042755126953,44871108
2022-02-02,182.79263305664062,223.540771484375,224.64813232421875,220.50758361816406,221.4705047607422,42714702
2022-02-03,184.60365295410156,225.75547790527344,226.4776611328125,223.20375061035156,223.540771484375,28918394
2022-02-04,184.4855194091797,225.6110382080078,229.65528869628906,222.96302795410156,228.45164489746094,58889867
2022-02-07,181.25723266601562,221.6630859375,226.0443572998047,220.02613830566406,225.32217407226562,25101983
2022-02-08,182.083984375,222.6741485595703,223.68521118164062,220.5557403564453,221.75938415527344,16825239
2022-02-09,181.2178192138672,221.6149444580078,224.3592529296875,220.26686096191406,223.68521118164062,12351873
2022-02-10,182.8713836669922,223.63706970214844,224.74441528320312,219.30393981933594,220.21871948242188,20317032
2022-02-11,183.02886962890625,223.82965087890625,224.64813232421875,221.27792358398438,223.39633178710938,18793513
2022-02-14,176.94302368164062,211.31175231933594,217.6188507080078,210.39698791503906,217.6188507080078,23621214
2022-02-15,179.80540466308594,214.7301025390625,215.21156311035156,210.44512939453125,212.8042755126953,13371177
2022-02-16,179.6038360595703,214.48936462402344,216.36705017089844,213.62274169921875,215.50042724609375,11664158
2022-02-17,179.52320861816406,214.39308166503906,216.030029296875,212.6598358154297,214.7782440185547,14564261
2022-02-18,178.91847229003906,213.6708984375,215.1634063720703,213.2857208251953,214.39308166503906,9004891
2022-02-21,175.77389526367188,209.91552734375,213.0931396484375,209.0970458984375,212.13023376464844,16750193
2022-02-22,173.23406982421875,206.88233947753906,208.8563232421875,205.1009521484375,207.0267791748047,26741024
2022-02-23,174.1209716796875,207.94154357910156,209.43406677246094,207.07492065429688,208.76002502441406,11438476
2022-02-24,168.11402893066406,200.767822265625,205.3898162841797,199.32345581054688,202.2122039794922,42933709
2022-02-25,172.5083770751953,206.01571655273438,208.4711456298828,202.74180603027344,203.6565704345703,24543858
2022-02-28,174.04034423828125,207.8452606201172,208.42300415039062,202.98252868652344,205.2935333251953,20806226
2022-03-02,173.5968780517578,207.31565856933594,208.56744384765625,204.57135009765625,206.4490203857422,20039140
2022-03-03,176.90272521972656,211.26361083984375,212.033935546875,207.98968505859375,208.037841796875,29631546
2022-03-04,181.82113647460938,217.13739013671875,218.9669189453125,208.95260620117188,209.62664794921875,69409780
2022-03-07,181.377685546875,216.6077880859375,218.58175659179688,211.93765258789062,213.76718139648438,47001716
2022-03-08,182.94998168945312,218.4854736328125,219.9779815673828,215.45228576660156,215.5967254638672,37424203
2022-03-09,184.8447723388672,220.74832153320312,222.81858825683594,217.7151336669922,219.25579833984375,43923809
2022-03-10,187.06211853027344,223.39633178710938,223.87779235839844,219.40023803710938,222.4334259033203,37523806
2022-03-11,190.56954956054688,227.58502197265625,228.3072052001953,221.6149444580078,223.300048828125,43305144
2022-03-14,192.7062530517578,230.13674926757812,230.57005310058594,226.57395935058594,227.4887237548828,36465969
2022-03-15,191.7789764404297,229.02938842773438,232.44773864746094,227.15170288085938,230.13674926757812,34269168
2022-03-16,195.6089324951172,233.60324096679688,233.9884033203125,230.2330322265625,231.0996551513672,22462538
2022-03-17,197.46343994140625,235.8179473876953,236.29940795898438,233.69952392578125,236.15496826171875,35541798
2022-03-21,197.14088439941406,235.43276977539062,238.562255859375,234.7587432861328,236.78085327148438,29052540
2022-03-22,201.37399291992188,240.4880828857422,241.4510040283203,234.51800537109375,235.48092651367188,38368305
2022-03-23,203.1881866455078,242.65464782714844,244.29159545898438,239.28443908691406,242.12503051757812,42051087
2022-03-24,205.4861297607422,245.39895629882812,246.98776245117188,242.12503051757812,242.6064910888672,39712133
2022-03-25,204.2766876220703,243.95457458496094,246.2655792236328,240.00662231445312,245.83226013183594,30412482
2022-03-28,207.25999450683594,247.51736450195312,248.43212890625,243.1842498779297,244.58047485351562,25876007
2022-03-29,205.28457641601562,245.15821838378906,247.95066833496094,244.33973693847656,247.51736450195312,18820674
2022-03-30,200.93051147460938,239.95848083496094,246.89146423339844,239.4288787841797,245.63967895507812,18281803
2022-03-31,202.0996551513672,241.35470581054688,244.91749572753906,240.2473602294922,240.34364318847656,26644916
2022-04-01,204.2363739013672,243.90643310546875,245.88040161132812,239.5733184814453,240.7288055419922,14856664
2022-04-04,205.96990966796875,245.97669982910156,248.33584594726562,241.78802490234375,243.71385192871094,16520039
2022-04-05,209.19512939453125,249.82835388183594,252.1393585205078,245.63967895507812,246.554443359375,28230046
2022-04-06,209.31610107421875,249.97279357910156,253.58372497558594,247.75808715820312,247.95066833496094,20352716
2022-04-07,206.93748474121094,247.1322021484375,252.47637939453125,246.313720703125,248.43212890625,16679649
2022-04-08,215.92776489257812,257.86871337890625,258.8797607421875,246.5063018798828,248.43212890625,39283623
2022-04-11,215.68585205078125,257.579833984375,263.0202941894531,256.1354675292969,258.7834777832031,47924937
2022-04-12,213.5088348388672,254.97994995117188,258.68719482421875,253.34300231933594,257.0020751953125,24460888
2022-04-13,217.33876037597656,259.5538024902344,260.5648498535156,253.8726043701172,255.46141052246094,22239115
2022-04-18,217.78225708007812,260.0834045410156,262.3944091796875,257.339111328125,258.061279296875,25339139
2022-04-19,210.88836669921875,251.85047912597656,262.3944091796875,249.2024688720703,261.9129333496094,24280577
2022-04-20,209.27577209472656,249.92465209960938,255.60585021972656,247.9988250732422,253.15042114257812,25454589
2022-04-21,209.9611358642578,250.74313354492188,254.64292907714844,249.97279357910156,250.069091796875,24313956
2022-04-22,210.52554321289062,251.41717529296875,253.2467041015625,248.96173095703125,250.3579559326172,16274820
2022-04-25,205.8086700439453,245.78411865234375,249.39505004882812,243.13609313964844,249.2024688720703,25140992
2022-04-26,208.79197692871094,249.34690856933594,251.03199768066406,246.7470245361328,247.08404541015625,21327644
2022-04-27,207.62283325195312,247.95066833496094,248.91358947753906,246.2655792236328,246.69888305664062,17219401
2022-04-28,210.52554321289062,251.41717529296875,253.92074584960938,248.57656860351562,249.8765106201172,28999835
2022-04-29,209.27577209472656,249.92465209960938,253.2467041015625,248.91358947753906,253.2467041015625,21206335
2022-05-02,212.17845153808594,253.39114379882812,254.6910858154297,247.51736450195312,248.43212890625,19696250
2022-05-04,209.43699645996094,250.1172332763672,256.18359375,249.0098876953125,254.20962524414062,26951488
2022-05-05,211.29151916503906,252.33193969726562,255.36512756347656,250.74313354492188,252.28379821777344,18623544
2022-05-06,215.00050354003906,256.7613525390625,257.4353942871094,249.2987518310547,249.39505004882812,35818441
2022-05-09,212.01718139648438,253.1985626220703,256.2799072265625,250.8875732421875,256.2799072265625,22228031
2022-05-10,209.43699645996094,250.1172332763672,256.9057922363281,249.4913330078125,252.28379821777344,18727774
2022-05-11,206.13116455078125,246.16928100585938,252.47637939453125,242.41390991210938,249.39505004882812,18012072
2022-05-12,203.9138641357422,243.52127075195312,246.89146423339844,239.91033935546875,245.5433807373047,20816708
2022-05-13,208.509765625,249.0098876953125,251.1764373779297,245.0619354248047,245.4952392578125,12380764
2022-05-16,204.8813934326172,244.6767578125,250.309814453125,243.6175537109375,250.309814453125,8502159
2022-05-17,213.42820739746094,254.8836669921875,255.65399169921875,245.35079956054688,245.5433807373047,18483427
2022-05-18,215.1214599609375,256.9057922363281,257.86871337890625,253.39114379882812,256.1354675292969,20978307
2022-05-19,222.25723266601562,265.4275817871094,268.8940734863281,252.86154174804688,252.86154174804688,81302807
2022-05-20,225.76467895507812,269.61627197265625,271.8791198730469,266.7275085449219,266.7275085449219,33617466
2022-05-23,221.32997131347656,264.3202209472656,270.0495910644531,262.92401123046875,269.61627197265625,22535903
2022-05-24,218.38697814941406,260.80560302734375,264.80169677734375,259.98712158203125,264.80169677734375,16146766
2022-05-25,219.87863159179688,262.58697509765625,263.74249267578125,260.46856689453125,262.8277282714844,15877459
2022-05-26,220.28395080566406,256.80950927734375,258.302001953125,254.065185546875,258.302001953125,19129574
2022-05-27,222.34884643554688,259.216796875,260.6611633300781,255.22068786621094,259.0242004394531,13986762
2022-05-30,222.22496032714844,259.0723571777344,260.9500427246094,257.6761169433594,260.46856689453125,12274291
2022-05-31,223.54649353027344,260.6130065917969,264.3202209472656,256.5206298828125,259.0723571777344,24102167
2022-06-01,224.5376434326172,261.7685241699219,263.93505859375,260.1796875,260.6130065917969,15265925
2022-06-02,225.9005126953125,263.3573303222656,264.2720947265625,257.9168395996094,260.6611633300781,14789457
2022-06-03,225.23968505859375,262.58697509765625,265.4757385253906,261.52777099609375,264.80169677734375,12968807
2022-06-06,226.97421264648438,264.6091003417969,265.572021484375,259.6982421875,262.2981262207031,11345943
2022-06-07,226.23086547851562,263.74249267578125,264.80169677734375,262.1536865234375,263.0684509277344,11245578
2022-06-08,221.27508544921875,257.9649963378906,264.22393798828125,256.3280334472656,263.7906188964844,14915091
2022-06-09,223.711669921875,260.80560302734375,261.62408447265625,255.8947296142578,257.86871337890625,10239939
2022-06-10,223.13348388671875,260.1315612792969,260.9500427246094,258.7834777832031,259.0723571777344,8693455
2022-06-13,218.5906982421875,254.8355255126953,259.1204833984375,253.2467041015625,256.5206298828125,11519902
2022-06-14,219.25149536132812,255.60585021972656,257.53167724609375,253.29486083984375,253.4392852783203,7708043
2022-06-15,217.5582733154297,253.6318817138672,257.3872375488281,253.29486083984375,256.1354675292969,5254329
2022-06-16,215.32815551757812,251.03199768066406,257.9649963378906,249.8765106201172,257.0983581542969,14843837
2022-06-17,217.4756622314453,253.53558349609375,254.35406494140625,248.96173095703125,249.39505004882812,17296080
2022-06-20,218.1364288330078,254.30592346191406,256.2799072265625,251.65789794921875,253.53558349609375,17738981
2022-06-21,222.92701721191406,259.8908386230469,260.80560302734375,254.30592346191406,255.17254638671875,14417711
2022-06-22,219.12759399414062,255.46141052246094,260.2760009765625,255.0762481689453,257.0983581542969,11756920
2022-06-23,219.29278564453125,255.65399169921875,257.339111328125,252.66896057128906,255.65399169921875,9416459
2022-06-24,219.5818634033203,255.9910125732422,258.3983154296875,255.36512756347656,256.23175048828125,7283228
2022-06-27,222.9683074951172,259.93896484375,260.6130065917969,256.6169128417969,257.0983581542969,8487729
2022-06-28,224.5376434326172,261.7685241699219,262.1536865234375,258.59088134765625,258.92791748046875,11673046
2022-06-29,226.35476684570312,263.8869323730469,264.80169677734375,259.16864013671875,259.2649230957031,16635367
2022-06-30,225.9005126953125,263.3573303222656,264.5128173828125,261.9129333496094,263.7906188964844,20003893
2022-07-01,234.86215209960938,273.8049621582031,274.43084716796875,261.1426086425781,263.3573303222656,36520000
2022-07-04,241.09815979003906,281.074951171875,282.42303466796875,274.2382507324219,275.0567321777344,41417701
2022-07-05,236.9683380126953,276.2603759765625,282.1341552734375,275.1530456542969,282.1341552734375,19283789
2022-07-06,238.9506378173828,278.5713806152344,279.24542236328125,274.7197265625,275.49005126953125,18997440
2022-07-07,241.1394805908203,281.12310791015625,282.2785949707031,277.8010559082031,280.2083435058594,14326277
2022-07-08,242.0480194091797,282.18231201171875,283.5303955078125,279.6305847167969,282.0378723144531,11538313
2022-07-11,243.6586456298828,284.05999755859375,285.93768310546875,281.2193908691406,282.1341552734375,12828405
2022-07-12,241.7589569091797,281.8453063964844,284.3970031738281,280.1120300292969,282.1341552734375,14616684
2022-07-13,242.8739776611328,283.1452331542969,283.8674011230469,281.8453063964844,282.1341552734375,9634877
2022-07-14,240.23092651367188,280.06390380859375,285.35992431640625,278.42694091796875,283.3859558105469,13930984
2022-07-15,242.4609832763672,282.66375732421875,283.0970764160156,278.76397705078125,281.1712646484375,11450042
2022-07-18,243.9064483642578,284.348876953125,285.3117980957031,282.8563537597656,284.05999755859375,11751684
2022-07-19,243.32827758789062,283.6748352050781,284.63775634765625,281.8453063964844,284.05999755859375,9542292
2022-07-20,246.3017578125,287.1413269042969,288.39312744140625,282.7119140625,283.9637145996094,16397373
2022-07-21,247.416748046875,288.4412536621094,290.99298095703125,286.94873046875,287.9116516113281,16660697
2022-07-22,248.24273681640625,289.4041748046875,291.2818603515625,287.0450439453125,288.87457275390625,10351425
2022-07-25,248.69699096679688,289.93377685546875,291.7151794433594,287.7190856933594,287.9116516113281,11050533
2022-07-26,249.8120574951172,291.23370361328125,292.4855041503906,289.3078918457031,289.8374938964844,10114261
2022-07-27,251.2161865234375,292.87066650390625,293.68914794921875,289.45233154296875,291.6188659667969,9706094
2022-07-28,250.6379852294922,292.1966247558594,293.8817443847656,291.1855773925781,293.5928649902344,11256515
2022-07-29,250.30763244628906,291.81146240234375,294.5557861328125,290.17449951171875,293.68914794921875,17584873
2022-08-01,253.98312377929688,296.096435546875,297.3482360839844,291.859619140625,292.7262268066406,16501510
2022-08-02,256.0068054199219,298.45556640625,304.9071044921875,296.7704772949219,298.50372314453125,40483892
2022-08-03,254.52005004882812,296.7223205566406,299.370361328125,292.38922119140625,299.370361328125,18376724
2022-08-04,255.63511657714844,298.02227783203125,298.84075927734375,295.7594299316406,296.577880859375,16514348
2022-08-05,256.7501220703125,299.32220458984375,300.2369689941406,297.6371154785156,298.02227783203125,10477269
2022-08-08,258.64984130859375,301.5368957519531,302.3072509765625,298.5518798828125,299.4184875488281,8627072
2022-08-10,257.0392150878906,299.6592102050781,302.4516906738281,299.2259216308594,301.5368957519531,9267241
2022-08-11,252.95071411132812,294.8927917480469,301.8257751464844,293.97802734375,301.3924560546875,11305242
2022-08-12,254.8503875732422,297.10748291015625,297.92596435546875,293.20770263671875,294.8927917480469,6669853
2022-08-16,256.5023498535156,299.0333251953125,299.9480895996094,297.10748291015625,297.10748291015625,8941455
2022-08-17,258.154296875,300.95916748046875,301.6332092285156,299.4666442871094,300.14068603515625,8283028
2022-08-18,260.7147521972656,303.9441833496094,304.2812194824219,301.0072937011719,301.3924560546875,10264507
2022-08-19,257.6999816894531,300.4295654296875,304.4256591796875,299.6592102050781,304.4256591796875,10823811
2022-08-22,259.6822814941406,302.74053955078125,305.244140625,299.4666442871094,299.6592102050781,11793184
2022-08-23,260.92132568359375,304.1849365234375,304.2812194824219,300.5258483886719,301.3443298339844,9698555
2022-08-24,259.4345397949219,302.4516906738281,307.603271484375,301.44061279296875,304.0404968261719,11783894
2022-08-25,257.98907470703125,300.7665710449219,304.6663818359375,300.0444030761719,303.7516174316406,8057930
2022-08-26,258.44329833984375,301.2961730957031,303.7034606933594,300.4295654296875,303.07757568359375,7224507
2022-08-29,258.9802551269531,301.9220886230469,303.2701416015625,297.3963623046875,298.50372314453125,11798961
2022-08-30,264.720703125,308.6143493652344,309.48095703125,302.5960998535156,302.5960998535156,18516092
2022-09-01,262.32537841796875,305.8218688964844,309.96240234375,304.2812194824219,307.65142822265625,13765474
2022-09-02,266.9094543457031,311.1660461425781,312.22528076171875,306.25518798828125,306.8810729980469,26750910
2022-09-05,271.617431640625,316.6546630859375,317.3768615722656,311.7438049316406,312.94744873046875,18144801
2022-09-06,270.21331787109375,315.0177307128906,317.76202392578125,314.2955322265625,317.76202392578125,12431779
2022-09-07,269.3460693359375,314.00665283203125,316.12506103515625,313.18817138671875,313.9103698730469,8397233
2022-09-08,272.4847106933594,317.6657409667969,318.33978271484375,315.354736328125,316.7991027832031,11331350
2022-09-09,272.9802551269531,318.2434997558594,320.93963623046875,317.76202392578125,318.33978271484375,9770432
2022-09-12,273.3106689453125,318.628662109375,320.0730285644531,317.76202392578125,319.6878662109375,9048240
2022-09-13,276.2015380859375,321.9988708496094,322.57659912109375,318.33978271484375,319.39898681640625,10925371
2022-09-14,276.9861755371094,322.91363525390625,326.4282531738281,318.6767883300781,318.7249450683594,12739464
2022-09-15,275.9537658691406,321.7099914550781,324.55059814453125,320.5544738769531,323.9246826171875,8742900
2022-09-16,273.64105224609375,319.0138244628906,322.1914367675781,317.47314453125,320.0248718261719,12973988
2022-09-19,277.1927185058594,323.15435791015625,324.4061584472656,316.8954162597656,316.8954162597656,14918717
2022-09-20,277.5230712890625,323.5395202636719,327.0060119628906,322.57659912109375,326.1875305175781,9892945
2022-09-21,281.6116027832031,328.3059387207031,332.3983459472656,323.0580749511719,323.5395202636719,21800547
2022-09-22,284.9980163574219,332.25390625,335.8166809082031,328.2578125,328.3540954589844,25111230
2022-09-23,286.11309814453125,333.5538330078125,336.5870361328125,330.5688171386719,334.613037109375,23718397
2022-09-26,274.71478271484375,320.265625,333.1205139160156,319.4471435546875,332.0613098144531,16829922
2022-09-27,276.5732116699219,322.4321594238281,326.9578857421875,321.6136779785156,322.57659912109375,10375837
2022-09-28,268.396240234375,312.8993225097656,320.93963623046875,312.2734069824219,319.63970947265625,16151900
2022-09-29,275.08648681640625,320.69891357421875,322.4803161621094,315.595458984375,316.7991027832031,18985406
2022-09-30,274.3844299316406,319.88043212890625,323.2987976074219,317.9064636230469,320.69891357421875,12906555
2022-10-03,267.9419250488281,312.36968994140625,320.6507873535156,311.2623596191406,320.5544738769531,9462192
2022-10-04,274.9212951660156,320.50634765625,321.6136779785156,315.8362121582031,316.51025390625,9142294
2022-10-06,278.0599365234375,324.1654052734375,326.7171325683594,320.21746826171875,322.57659912109375,23091432
2022-10-07,275.9537658691406,321.7099914550781,324.3580017089844,319.0138244628906,324.3098449707031,10910698
2022-10-10,270.7914733886719,315.6917724609375,319.15826416015625,313.9585266113281,317.76202392578125,9750594
2022-10-11,269.5112609863281,314.1992492675781,318.1953430175781,313.0437316894531,316.7991027832031,11018577
2022-10-12,272.64990234375,317.8583068847656,319.15826416015625,312.70672607421875,315.7880554199219,10735673
2022-10-13,271.4522399902344,316.46209716796875,319.0138244628906,315.8362121582031,317.7138977050781,7546587
2022-10-14,274.30181884765625,319.7841491699219,321.51739501953125,318.58050537109375,319.97674560546875,6672357
2022-10-17,274.42572021484375,319.9285888671875,322.33587646484375,317.3768615722656,318.82122802734375,7195922
2022-10-18,281.07470703125,327.6800537109375,328.3540954589844,321.1803894042969,321.5655517578125,21691854
2022-10-19,286.07177734375,333.5057067871094,334.5649108886719,327.1986083984375,330.376220703125,16923690
2022-10-20,288.8387451171875,336.7314758300781,337.93511962890625,332.01318359375,334.131591796875,19186222
2022-10-21,285.4523010253906,332.78350830078125,340.1016540527344,331.72430419921875,340.1016540527344,28426343
2022-10-24,287.1867980957031,334.8056335449219,336.7314758300781,334.131591796875,336.00927734375,3292671
2022-10-25,286.0304870605469,333.4575500488281,336.53887939453125,330.90582275390625,336.49072265625,17906260
2022-10-27,285.6175231933594,332.9761047363281,335.4315185546875,331.0984191894531,333.7945556640625,19273344
2022-10-28,285.6175231933594,332.9761047363281,335.6722412109375,332.30206298828125,334.66119384765625,13572499
2022-10-31,288.01275634765625,335.7685546875,337.5018005371094,331.96502685546875,335.0945129394531,14358449
2022-11-01,288.6735534667969,336.53887939453125,337.5018005371094,334.3241882324219,336.29815673828125,20422565
2022-11-02,292.9272155761719,341.4978942871094,343.0385437011719,335.5759582519531,335.5759582519531,17427813
2022-11-03,292.142578125,340.5831298828125,345.2051086425781,339.9090881347656,340.87200927734375,11149636
2022-11-04,292.0599670410156,340.48681640625,342.7978210449219,339.4276123046875,340.87200927734375,8709851
2022-11-07,291.97735595703125,340.3905334472656,343.1348571777344,337.02032470703125,341.83489990234375,10437370
2022-11-09,297.92431640625,347.3235168457031,348.04571533203125,340.1016540527344,340.3905334472656,21404869
2022-11-10,294.04229736328125,342.7978210449219,346.5531921386719,340.9682922363281,345.68658447265625,20071989
2022-11-11,294.3313903808594,343.1348571777344,347.56427001953125,341.4978942871094,346.64947509765625,11372654
2022-11-14,286.7738342285156,334.3241882324219,343.71258544921875,333.7464294433594,343.1348571777344,18319254
2022-11-15,285.1632385253906,332.4465026855469,336.00927734375,326.57269287109375,336.00927734375,16046491
2022-11-16,284.21331787109375,331.3391418457031,333.9871520996094,328.97998046875,332.8797912597656,7897812
2022-11-17,283.88299560546875,330.9539794921875,334.5649108886719,329.894775390625,331.3391418457031,10379179
2022-11-18,281.69415283203125,328.4022521972656,331.96502685546875,327.1986083984375,330.9539794921875,8140173
2022-11-21,278.5141906738281,324.69500732421875,327.39117431640625,321.9988708496094,326.5245666503906,9553090
2022-11-22,281.0333557128906,327.63189697265625,328.3540954589844,323.2506408691406,324.50244140625,6746019
2022-11-23,280.6617431640625,327.1986083984375,329.3170166015625,324.98388671875,329.3170166015625,8067471
2022-11-24,281.44635009765625,328.1133728027344,329.7984619140625,325.03204345703125,327.1986083984375,8454385
2022-11-25,281.07470703125,327.6800537109375,329.2207336425781,325.27276611328125,328.3540954589844,7200274
2022-11-28,280.86822509765625,327.4393310546875,329.0762939453125,326.1875305175781,327.39117431640625,10284123
2022-11-29,282.7265930175781,329.60589599609375,332.20574951171875,327.39117431640625,327.39117431640625,10582296
2022-11-30,280.8269348144531,327.39117431640625,331.38726806640625,326.4282531738281,328.5948181152344,23425220
2022-12-01,280.45526123046875,326.9578857421875,329.02813720703125,324.3098449707031,329.02813720703125,17270904
2022-12-02,278.4729309082031,324.6468811035156,328.1615295410156,324.26171875,326.7652893066406,8711914
2022-12-05,278.142578125,324.26171875,326.2838439941406,321.75811767578125,325.1283264160156,10090597
2022-12-06,278.5968322753906,324.79132080078125,325.6579284667969,321.7099914550781,321.7099914550781,6571118
2022-12-07,280.9095153808594,327.48748779296875,328.8355407714844,324.1654052734375,325.9468078613281,10191144
2022-12-08,279.5054016113281,325.85052490234375,329.4614562988281,324.98388671875,327.5837707519531,6439244
2022-12-09,281.9832458496094,328.7392578125,329.7984619140625,325.4653625488281,327.15045166015625,8445424
2022-12-12,283.469970703125,330.4725036621094,331.24285888671875,327.48748779296875,328.3540954589844,11646572
2022-12-13,285.4523010253906,332.78350830078125,333.1686706542969,329.7021789550781,331.72430419921875,11105261
2022-12-14,285.287109375,332.5909118652344,334.4685974121094,331.0021057128906,333.1686706542969,7664099
2022-12-15,279.8770751953125,326.2838439941406,333.26495361328125,325.4653625488281,331.96502685546875,8469001
2022-12-16,276.77972412109375,322.67291259765625,326.33197021484375,319.0138244628906,324.98388671875,12907968
2022-12-19,281.2398986816406,327.8726501464844,329.6540222167969,322.91363525390625,324.3098449707031,8113695
2022-12-20,280.9507751464844,327.5356140136719,328.3059387207031,324.26171875,327.4393310546875,5693354
2022-12-21,276.82098388671875,322.7210388183594,328.5948181152344,322.09515380859375,328.3540954589844,7316532
2022-12-22,274.5909118652344,320.1211853027344,324.8876037597656,317.6657409667969,323.2025146484375,6838031
2022-12-23,269.8416442871094,314.58441162109375,319.5915832519531,313.28448486328125,318.628662109375,10461859
2022-12-26,276.3667297363281,322.1914367675781,322.67291259765625,313.4289245605469,314.3918151855469,9934633
2022-12-27,275.1690979003906,320.79522705078125,323.9246826171875,317.9064636230469,323.15435791015625,6986433
2022-12-28,276.2015380859375,321.9988708496094,322.57659912109375,319.2063903808594,320.50634765625,8035558
2022-12-29,276.9861755371094,322.91363525390625,323.2987976074219,319.2545471191406,321.9507141113281,8417520
2022-12-30,273.8475036621094,319.2545471191406,324.26171875,318.2434997558594,322.9617614746094,7228324
2023-01-02,274.9212951660156,320.50634765625,321.6136779785156,317.4250183105469,318.628662109375,6181118
2023-01-03,273.4758605957031,318.82122802734375,320.98779296875,318.00274658203125,319.2063903808594,6228015
2023-01-04,270.08941650390625,314.873291015625,320.1693115234375,313.9103698730469,319.5434265136719,6947412
2023-01-05,275.4168701171875,321.0840759277344,321.51739501953125,316.0287780761719,316.46209716796875,8486143
2023-01-06,276.7384033203125,322.624755859375,325.03204345703125,320.7470703125,322.2877197265625,8603181
2023-01-09,279.2162780761719,325.51348876953125,328.6429748535156,323.6839599609375,324.45428466796875,11027747
2023-01-10,275.37554931640625,321.03594970703125,325.85052490234375,320.21746826171875,325.3690490722656,7217255
2023-01-11,274.05401611328125,319.4952697753906,322.67291259765625,319.0138244628906,322.67291259765625,4760847
2023-01-12,272.4433898925781,317.6175842285156,321.228515625,315.9324951171875,321.03594970703125,6894087
2023-01-13,271.53485107421875,316.5583801269531,319.9285888671875,314.2955322265625,317.6175842285156,14967746
2023-01-16,272.73248291015625,317.9546203613281,319.88043212890625,315.40289306640625,318.09906005859375,8571826
2023-01-17,274.42572021484375,319.9285888671875,321.1322326660156,316.8954162597656,317.9546203613281,14240647
2023-01-18,276.40802001953125,322.2395935058594,324.0691223144531,320.0730285644531,321.6136779785156,13039078
2023-01-19,274.3431396484375,319.8323059082031,323.2025146484375,319.350830078125,321.6136779785156,8667564
2023-01-20,276.3667297363281,322.1914367675781,322.7691955566406,317.03985595703125,319.6878662109375,13608325
2023-01-23,278.968505859375,325.224609375,325.60980224609375,320.69891357421875,323.5395202636719,7399204
2023-01-24,279.95965576171875,326.380126953125,328.1133728027344,325.0802001953125,325.27276611328125,12776694
2023-01-25,280.2074279785156,326.66900634765625,328.3540954589844,322.81732177734375,326.33197021484375,12978859
2023-01-27,285.78265380859375,333.1686706542969,335.9129943847656,328.8355407714844,329.1244201660156,21850457
2023-01-30,284.79156494140625,332.01318359375,338.7054443359375,329.1725769042969,334.0353088378906,14634225
2023-01-31,291.02752685546875,339.2831726074219,341.83489990234375,328.4022521972656,333.1686706542969,17794183
2023-02-01,298.50244140625,347.99755859375,352.1380920410156,316.8954162597656,339.9090881347656,67003785
2023-02-02,312.7090148925781,364.5597229003906,370.4335021972656,347.03466796875,348.1901550292969,57892084
2023-02-03,314.4022521972656,366.53369140625,368.0743408203125,358.2044677734375,367.7373352050781,23153980
2023-02-06,316.6736145019531,369.18170166015625,373.8037109375,365.5226135253906,368.3150939941406,26783409
2023-02-07,308.2901306152344,359.4081115722656,369.66314697265625,354.7861328125,369.66314697265625,21438758
2023-02-08,310.18988037109375,361.6228332519531,363.30792236328125,357.7711486816406,360.85247802734375,10821785
2023-02-09,309.1160888671875,360.37103271484375,365.9078063964844,358.3489074707031,360.13031005859375,12318006
2023-02-10,306.7208251953125,357.5785827636719,362.97088623046875,356.5675048828125,358.3970642089844,10674456
2023-02-13,309.07476806640625,360.3228759765625,361.2376403808594,356.27862548828125,359.1673889160156,10282470
2023-02-14,319.1928405761719,372.11859130859375,373.27410888671875,359.8895568847656,361.0932312011719,30246745
2023-02-15,320.85595703125,368.0262145996094,368.652099609375,364.5115661621094,367.5928955078125,12679568
2023-02-16,321.1497497558594,368.36322021484375,370.9631042480469,366.8706970214844,367.8336181640625,10151755
2023-02-17,321.8633117675781,369.18170166015625,370.2890625,365.18560791015625,366.9188537597656,7967611
2023-02-20,322.4089660644531,369.8075866699219,373.1296691894531,367.1595764160156,370.4335021972656,8105569
2023-02-21,320.89788818359375,368.0743408203125,371.5889892578125,367.54473876953125,370.7223815917969,8577674
2023-02-22,322.24114990234375,369.6150207519531,370.6260681152344,365.9078063964844,367.8336181640625,9306194
2023-02-23,325.38922119140625,373.2259521484375,379.38861083984375,368.892822265625,370.1927795410156,19555814
2023-02-24,323.2904968261719,370.81866455078125,374.57403564453125,366.8706970214844,374.57403564453125,13407431
2023-02-27,320.85595703125,368.0262145996094,372.45562744140625,364.0782470703125,370.81866455078125,8455904
2023-02-28,316.23870849609375,362.73016357421875,370.00018310546875,361.0932312011719,368.3150939941406,16997837
2023-03-01,317.9176940917969,364.656005859375,366.29296875,359.7451477050781,360.37103271484375,8065784
2023-03-02,315.2732849121094,361.6228332519531,365.66705322265625,360.8043518066406,365.42633056640625,5212922
2023-03-03,323.1645812988281,370.6742248535156,371.1075439453125,362.1524353027344,363.01904296875,8495772
2023-03-06,325.8509216308594,373.75555419921875,377.9442443847656,370.9631042480469,371.5889892578125,11126980
2023-03-08,329.4187927246094,377.8479309082031,378.57012939453125,370.81866455078125,373.6111145019531,9261146
2023-03-09,325.3052673339844,373.1296691894531,379.0034484863281,371.3482666015625,377.55908203125,10005328
2023-03-10,325.72503662109375,373.6111145019531,375.7295227050781,369.2779846191406,372.6000671386719,8684320
2023-03-13,322.07318115234375,369.42242431640625,376.403564453125,368.3150939941406,374.7666015625,9130473
2023-03-14,318.7572021484375,365.6189270019531,372.11859130859375,363.2116394042969,371.39642333984375,10623744
2023-03-15,318.50531005859375,365.3300476074219,370.04833984375,363.9819641113281,366.8706970214844,8748113
2023-03-16,320.226318359375,367.30401611328125,368.170654296875,362.8746032714844,366.48553466796875,16315136
2023-03-17,315.2732849121094,361.6228332519531,370.7223815917969,355.9416198730469,370.7223815917969,50787703
2023-03-20,318.0016174316406,364.7522888183594,365.2818908691406,358.2044677734375,359.4562683105469,10512002
2023-03-21,316.4485778808594,362.97088623046875,364.7522888183594,360.1784362792969,364.7522888183594,12057999
2023-03-22,317.12017822265625,363.7412414550781,364.8004455566406,360.3228759765625,362.97088623046875,4958761
2023-03-23,319.5547180175781,366.53369140625,368.5558166503906,360.5154724121094,363.01904296875,10127917
2023-03-24,317.9176940917969,364.656005859375,368.7965393066406,363.9819641113281,367.3521728515625,10317108
2023-03-27,319.1769104003906,366.1003723144531,370.1446228027344,362.3931579589844,363.9338073730469,11232922
2023-03-28,318.7991943359375,365.66705322265625,368.170654296875,364.12640380859375,366.1003723144531,9523719
2023-03-29,321.317626953125,368.5558166503906,369.75946044921875,363.1634826660156,366.1003723144531,10551626
2023-03-31,321.9472351074219,369.2779846191406,370.24090576171875,365.9078063964844,367.8336181640625,9877493
2023-04-03,318.0856018066406,364.84857177734375,369.75946044921875,364.4634094238281,369.75946044921875,7331070
2023-04-05,324.3818664550781,372.0704650878906,372.69635009765625,364.84857177734375,364.84857177734375,12055499
2023-04-06,325.1793518066406,372.9852294921875,375.8258056640625,369.9520263671875,372.3111877441406,13394394
2023-04-10,326.186767578125,374.1407165527344,375.5369567871094,370.48162841796875,372.9852294921875,7044256
2023-04-11,332.44097900390625,381.3144226074219,383.3365478515625,373.6111145019531,374.1407165527344,18939829
2023-04-12,330.3842468261719,378.9552917480469,383.0476989746094,377.55908203125,382.9995422363281,10122932
2023-04-13,332.1051940917969,380.92926025390625,381.8921813964844,379.0997314453125,380.8329772949219,6292395
2023-04-17,335.9249572753906,385.310546875,387.0919189453125,378.32940673828125,378.32940673828125,11466474
2023-04-18,334.53973388671875,383.7217102050781,387.0919189453125,382.27734375,385.1661071777344,9860308
2023-04-19,334.7496337890625,383.96246337890625,386.4660339355469,381.3144226074219,381.3625793457031,10119480
2023-04-20,336.0508728027344,385.4549865722656,387.71783447265625,382.9513854980469,385.1661071777344,6924577
2023-04-21,342.72479248046875,393.1101379394531,393.83233642578125,384.2513427734375,385.4549865722656,14801099
2023-04-24,343.1026306152344,393.54345703125,394.7952575683594,389.2103271484375,394.7952575683594,6212135
2023-04-25,345.49517822265625,396.28778076171875,398.2135925292969,392.2916564941406,393.54345703125,9180650
2023-04-26,346.0828552246094,396.9618225097656,397.6839904785156,393.8804931640625,396.7210693359375,7914219
2023-04-27,349.23095703125,400.57275390625,401.92083740234375,395.7581787109375,396.9136657714844,13100076
2023-04-28,357.24810791015625,409.7685852050781,412.3684387207031,398.3580322265625,402.4985656738281,13208557
2023-05-02,356.3247375488281,408.7093811035156,411.164794921875,405.57989501953125,410.201904296875,10648421
2023-05-03,358.5913391113281,411.3092346191406,412.60919189453125,406.39837646484375,408.27606201171875,7607609
2023-05-04,356.45062255859375,408.85382080078125,411.164794921875,408.27606201171875,409.5278625488281,8292456
2023-05-05,359.9345397949219,412.84991455078125,415.8830871582031,408.61309814453125,410.15374755859375,12890455
2023-05-08,362.201171875,415.44976806640625,417.3756103515625,413.42767333984375,415.0164794921875,7522610
2023-05-09,355.779052734375,408.0834655761719,417.08673095703125,405.8687744140625,416.7497253417969,10377820
2023-05-10,357.08026123046875,409.57598876953125,410.5389099121094,406.5428161621094,408.2279052734375,10130159
2023-05-11,352.92474365234375,404.8095703125,411.54998779296875,403.3652038574219,411.4055480957031,16597954
2023-05-12,352.96673583984375,404.85772705078125,407.0242614746094,400.6208801269531,404.8095703125,11564770
2023-05-15,359.13702392578125,411.9351501464844,412.8017578125,403.5096435546875,404.4244079589844,9503538
2023-05-16,355.9049377441406,408.2279052734375,414.0535583496094,407.79461669921875,414.0535583496094,8302077
2023-05-17,358.9690856933594,411.7425537109375,413.04248046875,406.927978515625,408.4205017089844,9844782
2023-05-18,352.33709716796875,404.1355285644531,416.4126892089844,402.5948791503906,414.0535583496094,24919291
2023-05-19,352.4630126953125,404.27996826171875,407.4094543457031,396.0951843261719,405.33917236328125,26759905
2023-05-22,356.5765686035156,408.9982604980469,409.9611511230469,403.5577697753906,406.3020935058594,16015615
2023-05-23,360.2703552246094,413.2350769042969,415.20904541015625,408.4686584472656,410.201904296875,9068926
2023-05-24,363.92218017578125,417.42376708984375,418.6274108886719,411.164794921875,412.4165954589844,11921823
2023-05-25,370.34429931640625,424.7900695800781,426.0418395996094,418.675537109375,420.7458190917969,18905572
2023-05-26,372.4010925292969,427.1492004394531,428.2565612792969,423.2012634277344,426.95660400390625,13496209
2023-05-29,377.018310546875,432.4452209472656,435.04510498046875,427.6306457519531,428.4972839355469,20589822
2023-05-30,386.1734313964844,433.215576171875,434.7080993652344,424.6456298828125,424.6456298828125,19627897
2023-05-31,382.39666748046875,428.9787292480469,435.2377014160156,426.0418395996094,432.6378173828125,14821960
2023-06-01,377.4182434082031,423.3938293457031,430.4231262207031,422.71978759765625,430.4231262207031,9142172
2023-06-02,380.5941467285156,426.95660400390625,428.4010009765625,423.4901123046875,423.6827087402344,9558309
2023-06-05,378.233642578125,424.30859375,430.2786865234375,423.77899169921875,428.4972839355469,7427630
2023-06-06,380.0791015625,426.3788757324219,427.1492004394531,424.06787109375,424.4530334472656,6703067
2023-06-07,381.06622314453125,427.4862365722656,429.1231689453125,426.3307189941406,427.53436279296875,7833952
2023-06-08,380.1649475097656,426.47515869140625,429.219482421875,425.5122375488281,429.17132568359375,7294955
2023-06-09,376.3453063964844,422.190185546875,428.2084045410156,419.0125732421875,419.0125732421875,7329661
2023-06-12,375.0577392578125,420.7458190917969,424.59747314453125,417.7607727050781,423.6827087402344,9054977
2023-06-13,382.3108215332031,428.8824462890625,429.8453674316406,422.0457458496094,424.6456298828125,16732376
2023-06-14,381.5382995605469,428.0158386230469,431.1452941894531,427.29364013671875,429.700927734375,9039402
2023-06-15,384.62841796875,431.4823303222656,432.10821533203125,428.2565612792969,428.4972839355469,7787525
2023-06-16,388.920166015625,436.2969055175781,438.7041931152344,431.28973388671875,432.34893798828125,12181426
2023-06-19,389.3493347167969,436.7783508300781,438.9930725097656,435.4784240722656,437.8857116699219,4350517
2023-06-20,388.70556640625,436.0561828613281,437.933837890625,433.456298828125,437.933837890625,4644353
2023-06-21,383.7270812988281,430.47125244140625,437.3561096191406,428.5454406738281,435.2377014160156,6292873
2023-06-22,384.2420959472656,431.04901123046875,432.974853515625,429.3157653808594,431.3860168457031,6892713
2023-06-23,381.7528991699219,428.2565612792969,431.04901123046875,426.2825927734375,430.9045715332031,6325479
2023-06-26,382.5683288574219,429.17132568359375,434.6599426269531,427.53436279296875,430.3268127441406,5688287
2023-06-27,382.0533142089844,428.59356689453125,430.6156921386719,426.71588134765625,429.5564880371094,5052984
2023-06-28,385.70135498046875,432.68597412109375,433.8896179199219,428.0158386230469,428.4972839355469,12548096
2023-06-30,387.63262939453125,434.8525390625,435.1895446777344,430.0379333496094,433.3118591308594,9456776
2023-07-03,397.6324768066406,446.07049560546875,448.67034912109375,433.3600158691406,434.8525390625,11111199
2023-07-04,400.2933349609375,449.0555114746094,450.64434814453125,442.7484436035156,447.7555847167969,8022597
2023-07-05,407.803955078125,457.48101806640625,462.8252258300781,447.08154296875,449.0555114746094,16878943
2023-07-06,406.7738952636719,456.3255310058594,459.69573974609375,453.0516357421875,459.6475830078125,9835812
2023-07-07,402.0530090332031,451.0295104980469,457.8662109375,450.2591552734375,455.45892333984375,7605499
2023-07-10,399.8641662597656,448.5740661621094,453.4367980957031,446.5037841796875,452.5701599121094,6772454
2023-07-11,406.1301574707031,455.6033630371094,456.951416015625,448.718505859375,448.718505859375,8783282
2023-07-12,405.4006042480469,454.7848815917969,460.0327453613281,453.00347900390625,460.0327453613281,12816220
2023-07-13,405.1430358886719,454.4960021972656,459.0698547363281,453.5330810546875,456.3255310058594,8214385
2023-07-14,405.91552734375,455.36260986328125,457.3847351074219,453.8700866699219,455.45892333984375,5277090
2023-07-17,405.4434814453125,454.8330078125,458.1550598144531,453.1479187011719,456.9032897949219,6325310
2023-07-18,405.57220458984375,454.9774475097656,456.6144104003906,453.5330810546875,455.0256042480469,5558415
2023-07-19,411.02276611328125,461.09197998046875,462.63262939453125,450.7406311035156,455.2181701660156,14401395
2023-07-20,422.43890380859375,473.89874267578125,475.3912658691406,458.63653564453125,462.10302734375,21030102
2023-07-21,420.9796447753906,472.26177978515625,479.242919921875,468.9397277832031,473.56170654296875,14510084
2023-07-24,404.5851135253906,453.8700866699219,481.16876220703125,450.78875732421875,475.1505126953125,40477929
2023-07-25,396.8170166015625,445.1557312011719,451.12579345703125,438.5115966796875,450.54803466796875,45211370
2023-07-26,405.357666015625,454.7367248535156,455.45892333984375,444.91497802734375,447.6593017578125,18842179
2023-07-27,399.177490234375,447.8037414550781,457.5291748046875,444.0002136230469,456.8070068359375,14528232
2023-07-28,402.09588623046875,451.07763671875,452.0405578613281,446.2149353027344,450.35546875,10362522
2023-07-31,399.73541259765625,448.42962646484375,452.2812805175781,446.31121826171875,451.60723876953125,8510403
2023-08-01,398.962890625,447.5630187988281,451.4627990722656,446.60009765625,448.718505859375,6686176
2023-08-02,394.9286193847656,443.03729248046875,447.5630187988281,441.0151672363281,447.37042236328125,10715605
2023-08-03,391.4523010253906,439.13751220703125,446.55194091796875,437.452392578125,443.03729248046875,11026824
2023-08-04,390.50811767578125,438.0782775878906,444.2890930175781,437.40423583984375,439.37823486328125,7097614
2023-08-07,390.4652099609375,438.0301513671875,439.61895751953125,434.22662353515625,437.25982666015625,9513953
2023-08-08,388.2763977050781,435.57470703125,440.0522766113281,434.3229064941406,440.0522766113281,6638681
2023-08-09,393.6839904785156,441.6410827636719,442.8447265625,430.3268127441406,435.57470703125,10134166
2023-08-10,387.7613830566406,434.9969482421875,442.2669677734375,432.34893798828125,441.8818054199219,13702317
2023-08-11,385.18634033203125,432.10821533203125,437.0672302246094,428.2565612792969,437.0672302246094,12028396
2023-08-14,385.57257080078125,432.5415344238281,434.5155029296875,428.5454406738281,432.10821533203125,7854074
2023-08-16,386.47381591796875,433.5525817871094,440.43743896484375,431.57861328125,434.2747802734375,15494896
2023-08-17,378.5340576171875,424.6456298828125,433.3118591308594,423.6827087402344,433.3118591308594,16896158
2023-08-18,379.0920104980469,425.2715148925781,426.9084777832031,422.23834228515625,424.6456298828125,20068497
2023-08-21,384.370849609375,431.1934509277344,431.86749267578125,424.9826354980469,425.6085510253906,9940689
2023-08-22,389.9072570800781,437.40423583984375,438.2708740234375,430.4231262207031,432.34893798828125,10234488
2023-08-23,386.6455078125,433.74517822265625,438.7523193359375,431.9637756347656,438.7041931152344,8770272
2023-08-24,387.03179931640625,434.1784973144531,436.68206787109375,432.6378173828125,433.8896179199219,6322751
2023-08-25,380.5512390136719,426.9084777832031,434.2747802734375,425.65667724609375,434.1784973144531,9628041
2023-08-28,378.87744140625,425.0307922363281,430.2786865234375,424.6456298828125,428.4972839355469,7176903
2023-08-29,377.76153564453125,423.77899169921875,427.53436279296875,422.9123840332031,426.5233154296875,9845106
2023-08-30,380.0791015625,426.3788757324219,427.53436279296875,424.1641540527344,424.6456298828125,7648569
2023-08-31,377.4182434082031,423.3938293457031,428.4010009765625,419.9273376464844,426.5714416503906,20666732
2023-09-01,378.5769958496094,424.6937561035156,428.4972839355469,422.0457458496094,423.6827087402344,11879159
2023-09-04,375.5298156738281,421.2754211425781,426.9084777832031,420.4569396972656,426.9084777832031,14128562
2023-09-05,380.33660888671875,426.6677551269531,428.0158386230469,422.23834228515625,422.6235046386719,8701612
2023-09-06,384.0704345703125,430.8564147949219,431.86749267578125,425.6085510253906,427.4862365722656,13358433
2023-09-07,382.739990234375,429.3639221191406,432.34893798828125,428.11212158203125,432.1563720703125,8401953
2023-09-08,379.95037841796875,426.23443603515625,431.28973388671875,425.464111328125,431.28973388671875,10322317
2023-09-11,383.85589599609375,430.6156921386719,431.4823303222656,426.23443603515625,429.460205078125,9679540
2023-09-12,387.2463684082031,434.4192199707031,437.452392578125,429.0750427246094,432.2526550292969,14961276
2023-09-13,389.26348876953125,436.68206787109375,440.0522766113281,434.3710632324219,435.4302673339844,12268130
2023-09-14,386.21630859375,433.2637023925781,438.9930725097656,430.56756591796875,438.9930725097656,14986708
2023-09-15,384.84295654296875,431.7230529785156,435.333984375,430.4231262207031,431.4341735839844,15657801
2023-09-18,388.01885986328125,435.28582763671875,437.16351318359375,429.65277099609375,431.7230529785156,8513132
2023-09-20,388.79144287109375,436.1524658203125,438.22271728515625,432.8785400390625,434.9488220214844,10343224
2023-09-21,384.1133728027344,430.9045715332031,436.7301940917969,428.0158386230469,436.0080261230469,11132308
2023-09-22,380.33660888671875,426.6677551269531,431.7712097167969,425.8492736816406,430.9045715332031,7795399
2023-09-25,379.90740966796875,426.186279296875,428.3046875,422.0939025878906,426.6677551269531,6005673
2023-09-26,379.7786865234375,426.0418395996094,428.0158386230469,423.3938293457031,427.1492004394531,5533023
2023-09-27,385.5296936035156,432.4933776855469,433.1192626953125,422.5272216796875,426.0418395996094,10894817
2023-09-28,378.3194885253906,424.4049072265625,433.2637023925781,423.29754638671875,433.2637023925781,10610213
2023-09-29,381.4524841308594,427.9195251464844,429.0750427246094,422.9123840332031,425.6085510253906,8474326
2023-10-03,377.4611511230469,423.4419860839844,426.47515869140625,422.96051025390625,424.6456298828125,7770032
2023-10-04,374.3280944824219,419.9273376464844,425.3196716308594,417.2311706542969,423.4419860839844,13912656
2023-10-05,374.2851867675781,419.8791809082031,424.1641540527344,418.9162902832031,423.6827087402344,10416552
2023-10-06,379.52117919921875,425.7529602050781,427.1492004394531,420.4569396972656,421.6124267578125,8742804
2023-10-09,378.06195068359375,424.11602783203125,426.7640380859375,421.0346984863281,424.59747314453125,5827256
2023-10-10,381.4524841308594,427.9195251464844,428.35284423828125,424.11602783203125,424.11602783203125,5207891
2023-10-11,384.7571716308594,431.62677001953125,432.7822570800781,428.3046875,430.6156921386719,7946195
2023-10-12,386.860107421875,433.98590087890625,435.7191467285156,429.6046447753906,432.974853515625,12227957
2023-10-13,384.84295654296875,431.7230529785156,435.04510498046875,430.4231262207031,433.16741943359375,7926432
2023-10-16,385.35797119140625,432.3008117675781,434.2747802734375,429.65277099609375,431.3860168457031,4377288
2023-10-17,389.2205505371094,436.6339111328125,437.6449890136719,432.34893798828125,433.1192626953125,7203352
2023-10-18,387.6755065917969,434.9006652832031,441.207763671875,434.2747802734375,437.40423583984375,7160492
2023-10-19,386.60260009765625,433.697021484375,438.0301513671875,430.2786865234375,433.0711364746094,9830006
2023-10-20,376.2165222167969,422.0457458496094,432.34893798828125,421.1309814453125,428.4972839355469,13521824
2023-10-23,374.156494140625,419.7347412109375,423.6345520019531,417.0386047363281,421.7568664550781,7555671
2023-10-25,371.40972900390625,416.6534118652344,421.7568664550781,411.21295166015625,420.6976623535156,11308597
2023-10-26,372.8260192871094,418.24224853515625,420.4087829589844,413.6202392578125,413.6202392578125,19525305
2023-10-27,372.31103515625,417.66448974609375,420.60137939453125,416.1719665527344,418.24224853515625,13638258
2023-10-30,369.4784240722656,414.48687744140625,420.9383850097656,412.4647521972656,418.434814453125,7911426
2023-10-31,367.7187805175781,412.51287841796875,417.2793273925781,412.03143310546875,414.0535583496094,8952141
2023-11-01,367.4613342285156,412.2240295410156,415.1127624511719,409.7204284667969,414.0535583496094,8297973
2023-11-02,370.0793151855469,415.1609191894531,416.6534118652344,412.7536315917969,414.1017150878906,8465990
2023-11-03,371.8818054199219,417.1830139160156,418.2903747558594,415.1127624511719,416.7497253417969,14334179
2023-11-06,373.6843566894531,419.20513916015625,420.60137939453125,416.5090026855469,417.42376708984375,7589690
2023-11-07,371.40972900390625,416.6534118652344,418.7718505859375,416.1238098144531,418.7718505859375,5321353
2023-11-08,375.0577392578125,420.7458190917969,421.2754211425781,416.26824951171875,417.08673095703125,7248663
2023-11-09,372.86895751953125,418.2903747558594,421.7568664550781,417.8089294433594,421.5643005371094,8085620
2023-11-10,374.71441650390625,420.36065673828125,421.7568664550781,416.4608459472656,418.2903747558594,4236307
2023-11-13,374.2422790527344,419.8310546875,422.14202880859375,418.8681335449219,422.14202880859375,3888975
2023-11-15,379.3494873046875,425.5603942871094,426.0899963378906,421.2754211425781,421.8531799316406,7722827
2023-11-16,376.5169372558594,422.3827819824219,428.0158386230469,421.3717041015625,425.5603942871094,11276031
2023-11-17,377.03192138671875,422.96051025390625,425.1270751953125,422.0457458496094,422.96051025390625,6911592
2023-11-20,374.9289855957031,420.60137939453125,423.9715881347656,418.3866882324219,423.53826904296875,4502356
2023-11-21,374.4568786621094,420.07177734375,423.0086669921875,419.3495788574219,420.9383850097656,6228803
2023-11-22,377.4182434082031,423.3938293457031,424.06787109375,418.675537109375,420.7939758300781,5074887
2023-11-23,377.9761657714844,424.01971435546875,425.8492736816406,421.99761962890625,424.59747314453125,6611803
2023-11-24,375.7873840332031,421.5643005371094,425.8492736816406,420.6495361328125,424.6456298828125,7084608
2023-11-28,373.5985412597656,419.1088562011719,422.71978759765625,418.7718505859375,421.7568664550781,9082513
2023-11-29,375.2723388671875,420.9865417480469,422.23834228515625,418.0496520996094,419.8310546875,14316126
2023-11-30,374.0706481933594,419.6384582519531,422.190185546875,418.3866882324219,420.5050964355469,15710110
2023-12-01,386.0876159667969,433.1192626953125,434.22662353515625,421.17913818359375,421.66058349609375,20081576
2023-12-04,389.735595703125,437.211669921875,439.4745178222656,434.2747802734375,438.1264343261719,13293194
2023-12-05,387.7613830566406,434.9969482421875,440.8226013183594,433.40814208984375,438.1264343261719,12603697
2023-12-06,397.6324768066406,446.07049560546875,447.2741394042969,435.333984375,437.0672302246094,21203900
2023-12-07,393.2119445800781,441.1114807128906,447.5630187988281,440.43743896484375,447.5148620605469,11746535
2023-12-08,385.5296936035156,432.4933776855469,444.481689453125,431.86749267578125,442.8928527832031,19386851
2023-12-11,388.36224365234375,435.6709899902344,436.7783508300781,432.6378173828125,434.7562255859375,6854157
2023-12-12,388.920166015625,436.2969055175781,442.9410095214844,435.57470703125,437.3561096191406,10549319
2023-12-13,391.10894775390625,438.7523193359375,441.8336486816406,436.2969055175781,439.37823486328125,11718443
2023-12-14,394.9286193847656,443.03729248046875,443.9039306640625,432.7822570800781,442.9410095214844,14924265
2023-12-15,393.2977294921875,441.207763671875,445.7816162109375,438.1264343261719,444.7705383300781,16397959
2023-12-18,387.6755065917969,434.9006652832031,439.08935546875,433.64886474609375,438.1264343261719,12490839
2023-12-19,391.49517822265625,439.1856384277344,441.0151672363281,435.28582763671875,436.5376281738281,10664235
2023-12-20,387.1175842285156,434.2747802734375,442.21881103515625,432.6378173828125,441.97808837890625,10766954
2023-12-21,387.5038757324219,434.7080993652344,436.92279052734375,427.9676818847656,432.34893798828125,11584223
2023-12-22,390.7226867675781,438.31903076171875,438.9930725097656,433.8414611816406,436.2005920410156,11450973
2023-12-26,391.7956237792969,439.5226745605469,441.8818054199219,437.8375549316406,439.13751220703125,6097422
2023-12-27,392.3535461425781,440.1485595703125,441.49664306640625,436.92279052734375,440.0522766113281,7833901
2023-12-28,398.3620300292969,446.88897705078125,447.4667053222656,439.1856384277344,440.2448425292969,21493169
2023-12-29,396.6453552246094,444.963134765625,450.54803466796875,444.2409362792969,446.88897705078125,13384631
2024-01-01,401.7525329589844,450.6924743652344,452.52203369140625,445.49273681640625,446.31121826171875,9706230
2024-01-02,403.7267761230469,452.9071960449219,453.8700866699219,446.4075012207031,452.5701599121094,10924918
2024-01-03,409.6493835449219,459.5513000488281,462.87335205078125,451.94427490234375,452.8108825683594,24961710
2024-01-04,408.9197692871094,458.7328186035156,463.5955505371094,456.6144104003906,462.1993103027344,12240910
2024-01-05,406.81683349609375,456.3736877441406,461.62158203125,454.4960021972656,461.62158203125,9564086
2024-01-08,399.5637512207031,448.237060546875,457.8662109375,447.322265625,457.3847351074219,8311403
2024-01-09,398.74835205078125,447.322265625,452.52203369140625,446.4556579589844,450.1628723144531,5916180
2024-01-10,397.6753845214844,446.1186218261719,449.4407043457031,442.9891662597656,447.322265625,6123200
2024-01-11,397.11749267578125,445.49273681640625,449.24810791015625,444.0002136230469,446.88897705078125,6786448
2024-01-12,400.59375,449.3925476074219,450.35546875,443.2780456542969,446.07049560546875,9714589
2024-01-15,401.3663024902344,450.2591552734375,453.0516357421875,448.8147888183594,452.5701599121094,7167978
2024-01-16,405.4006042480469,454.7848815917969,457.3847351074219,447.0334167480469,450.4517517089844,12531058
2024-01-17,400.5079650878906,449.2962646484375,459.3105773925781,447.94818115234375,453.9182434082031,11536527
2024-01-18,399.5637512207031,448.237060546875,450.4999084472656,437.693115234375,447.9963073730469,9495938
2024-01-19,404.71380615234375,454.0145263671875,455.45892333984375,449.1036682128906,451.1739501953125,12673308
2024-01-23,394.2419738769531,442.2669677734375,456.18109130859375,439.4745178222656,456.18109130859375,8728196
2024-01-24,397.932861328125,446.4075012207031,450.06658935546875,441.1114807128906,443.03729248046875,22459072
2024-01-25,391.10894775390625,438.7523193359375,447.7074279785156,435.333984375,446.359375,20435547
2024-01-29,386.0876159667969,433.1192626953125,440.2929992675781,430.9045715332031,438.9930725097656,18557346
2024-01-30,376.0019226074219,421.8050231933594,436.8746337890625,421.17913818359375,430.4231262207031,45190319
2024-01-31,379.0061950683594,425.17523193359375,426.0899963378906,422.430908203125,423.6827087402344,20648695
2024-02-01,380.1649475097656,426.47515869140625,431.1452941894531,423.0086669921875,425.6085510253906,19903526
2024-02-02,377.76153564453125,423.77899169921875,430.6156921386719,423.2012634277344,428.4972839355469,17816750
2024-02-05,376.0019226074219,421.8050231933594,427.1973571777344,420.36065673828125,425.6085510253906,12505666
2024-02-06,370.29388427734375,415.4016418457031,424.54931640625,413.57208251953125,423.6827087402344,19487043
2024-02-07,370.6372375488281,415.78680419921875,418.8681335449219,414.8238830566406,418.8681335449219,13376903
2024-02-08,361.260986328125,399.176513671875,413.1869201660156,393.4471740722656,413.09063720703125,50039587
2024-02-09,362.0888671875,400.0912780761719,408.4686584472656,393.4471740722656,394.89154052734375,33527317
2024-02-12,354.5508117675781,391.7620544433594,402.4985656738281,390.9917297363281,402.06524658203125,11326971
2024-02-13,354.4636535644531,391.665771484375,395.5655822753906,388.3437194824219,391.8102111816406,16207766
2024-02-14,358.64666748046875,396.28778076171875,396.9618225097656,389.4029235839844,390.943603515625,12618012
2024-02-15,351.9800109863281,388.9214782714844,399.176513671875,388.19927978515625,397.6839904785156,21169031
2024-02-16,352.5900573730469,389.59552001953125,394.3619384765625,384.5883483886719,389.9806823730469,38963810
2024-02-19,356.64227294921875,394.07305908203125,397.4432678222656,389.59552001953125,389.9806823730469,17602580
2024-02-20,353.8971862792969,391.0398864746094,395.22857666015625,389.306640625,395.22857666015625,14626643
2024-02-21,351.5007629394531,388.3918762207031,394.89154052734375,386.4178771972656,391.906494140625,20162369
2024-02-22,361.173828125,399.0802307128906,399.7542724609375,388.4881591796875,391.8102111816406,19321180
2024-02-23,358.51593017578125,396.1433410644531,400.4764404296875,395.2767028808594,400.4764404296875,11576964
2024-02-26,356.5987243652344,394.0249328613281,397.7321472167969,392.19537353515625,395.8544616699219,8289561
2024-02-27,358.2980651855469,395.902587890625,397.4432678222656,393.3990173339844,394.7952575683594,8083518
2024-02-28,355.81439208984375,393.1582946777344,397.05810546875,391.71392822265625,395.902587890625,8949664
2024-02-29,354.0715026855469,391.2324523925781,395.8063049316406,389.49920654296875,393.83233642578125,15468800
2024-03-01,356.86016845703125,394.31378173828125,397.82843017578125,392.3879699707031,393.7360534667969,12873024
2024-03-04,356.51153564453125,393.9286193847656,397.6358642578125,393.302734375,396.9618225097656,7103794
2024-03-05,353.9407653808594,391.0880126953125,396.1433410644531,388.9696044921875,394.4582214355469,10108373
2024-03-06,355.4222412109375,392.7249755859375,394.7471008300781,385.84014892578125,391.425048828125,11534613
2024-03-07,360.3895263671875,398.2135925292969,399.5616760253906,388.68072509765625,392.7249755859375,23907135
2024-03-11,356.77301025390625,394.2174987792969,402.7874450683594,392.8694152832031,401.34307861328125,18298683
2024-03-12,352.4593200683594,389.4510803222656,391.425048828125,384.5401916503906,391.425048828125,36226074
2024-03-13,368.1455078125,406.7835388183594,421.7568664550781,405.5317687988281,418.8681335449219,105525827
2024-03-14,365.70538330078125,404.0873718261719,409.7204284667969,402.4985656738281,406.3020935058594,31949569
2024-03-15,365.2261047363281,403.5577697753906,412.6573181152344,399.8505554199219,401.7282409667969,76074975
2024-03-18,363.7882080078125,401.9689636230469,405.09844970703125,401.4393615722656,403.46148681640625,16547358
2024-03-19,356.90374755859375,394.3619384765625,403.9910888671875,393.54345703125,402.4985656738281,21803126
2024-03-20,362.26318359375,400.28387451171875,401.1986389160156,394.3619384765625,394.7952575683594,20364534
2024-03-21,367.0997314453125,405.6280517578125,406.3502197265625,400.76531982421875,403.46148681640625,19968509
2024-03-22,373.5049133300781,412.7054748535156,413.7165222167969,405.6280517578125,405.6280517578125,40358503
2024-03-26,372.67706298828125,411.79071044921875,413.2832336425781,409.7685852050781,409.7685852050781,10669833
2024-03-27,372.98199462890625,412.1277160644531,412.9943542480469,410.63519287109375,411.164794921875,12698464
2024-03-28,373.2870788574219,412.4647521972656,417.1830139160156,411.164794921875,412.1277160644531,29009002
2024-04-01,371.84918212890625,410.8759460449219,415.3534851074219,409.9611511230469,413.1869201660156,9743648
2024-04-02,371.1083984375,410.0574645996094,412.8017578125,408.85382080078125,412.8017578125,9194659
2024-04-03,370.5419616699219,409.4315490722656,412.8980712890625,405.3873291015625,410.201904296875,13152268
2024-04-04,368.4069519042969,407.0724182128906,411.5018310546875,404.328125,409.7685852050781,19065447
2024-04-05,372.58990478515625,411.6944274902344,415.6905212402344,404.3762512207031,406.8316955566406,16768902
2024-04-08,373.94061279296875,413.1869201660156,415.4016418457031,411.8869934082031,412.4165954589844,8844633
2024-04-09,371.5441589355469,410.5389099121094,415.4979248046875,409.7685852050781,414.48687744140625,6967273
2024-04-10,380.78155517578125,420.7458190917969,421.5643005371094,409.9611511230469,412.4165954589844,14547618
2024-04-12,374.81207275390625,414.14984130859375,419.59033203125,412.4165954589844,418.8681335449219,18785009
2024-04-15,371.1519775390625,410.1055908203125,413.2350769042969,407.21685791015625,412.1277160644531,9083087
2024-04-16,371.1519775390625,410.1055908203125,411.164794921875,407.5057373046875,407.5538635253906,10357752
2024-04-18,365.0082702636719,403.3170471191406,411.0685119628906,402.16156005859375,410.201904296875,22133191
2024-04-19,370.1498107910156,408.9982604980469,410.442626953125,400.57275390625,402.4985656738281,17221280
2024-04-22,370.629150390625,409.5278625488281,411.7425537109375,407.6501770019531,411.164794921875,7386048
2024-04-23,374.0278015136719,413.2832336425781,414.5350036621094,409.33526611328125,409.5278625488281,12484384
2024-04-24,373.766357421875,412.9943542480469,414.8238830566406,412.4165954589844,413.33135986328125,6070285
2024-04-25,381.304443359375,421.3235778808594,422.0457458496094,413.09063720703125,415.0164794921875,30337038
2024-04-26,383.43951416015625,423.6827087402344,426.8603210449219,420.2162170410156,422.96051025390625,15342965
2024-04-29,381.870849609375,421.949462890625,426.0418395996094,418.48297119140625,425.6085510253906,12075706
2024-04-30,379.648681640625,419.4940185546875,424.1641540527344,418.96441650390625,423.6345520019531,12528665
2024-05-02,382.5680236816406,422.71978759765625,426.186279296875,418.72369384765625,419.8310546875,24123523
2024-05-03,380.3457946777344,420.26434326171875,423.7308654785156,415.3534851074219,423.7308654785156,23786388
2024-05-06,378.8643493652344,418.6274108886719,424.11602783203125,417.2793273925781,421.7568664550781,10753860
2024-05-07,383.7444763183594,424.01971435546875,429.460205078125,419.0606994628906,420.6976623535156,26969062
2024-05-08,384.31097412109375,424.6456298828125,428.2084045410156,421.949462890625,424.8863525390625,10916481
2024-05-09,370.4548645019531,409.33526611328125,425.1270751953125,407.6501770019531,423.7308654785156,24314298
2024-05-10,377.644287109375,417.2793273925781,420.1680603027344,410.683349609375,410.683349609375,14524604
2024-05-13,376.3371887207031,415.8349609375,419.30145263671875,413.57208251953125,417.1830139160156,7584217
2024-05-14,374.4635009765625,413.7646789550781,417.2311706542969,412.6573181152344,414.5350036621094,11423749
2024-05-15,372.8077697753906,411.9351501464844,417.1830139160156,410.924072265625,414.7757263183594,7856433
2024-05-16,375.988525390625,415.44976806640625,416.55712890625,407.21685791015625,414.0535583496094,23911954
2024-05-17,380.2151184082031,420.11993408203125,421.2754211425781,412.9943542480469,416.36456298828125,11894830
2024-05-21,378.9079284667969,418.675537109375,420.8902587890625,417.1348876953125,419.8310546875,11175153
2024-05-22,383.35235595703125,423.58642578125,425.5603942871094,419.2532958984375,421.1309814453125,11036895
2024-05-23,384.6159362792969,424.9826354980469,428.4010009765625,420.36065673828125,425.0307922363281,27244733
2024-05-24,380.1279602050781,420.02362060546875,426.0418395996094,419.1570129394531,424.6456298828125,13252938
2024-05-27,376.0321350097656,415.4979248046875,422.6235046386719,414.72760009765625,422.5272216796875,12282545
2024-05-28,373.853515625,413.09063720703125,416.4608459472656,412.3684387207031,416.07568359375,9668761
2024-05-29,375.5528259277344,414.96832275390625,416.36456298828125,409.7204284667969,409.7204284667969,10832067
2024-05-30,369.3655090332031,408.1316223144531,414.96832275390625,406.687255859375,412.60919189453125,21314885
2024-05-31,371.63128662109375,410.63519287109375,413.6202392578125,408.51678466796875,410.924072265625,29300711
2024-06-03,375.02996826171875,414.39056396484375,418.7718505859375,412.7536315917969,417.90521240234375,16116836
2024-06-04,368.4967956542969,399.8023986816406,410.49078369140625,387.910400390625,410.201904296875,47791986
2024-06-05,381.8983459472656,414.3424377441406,419.8310546875,402.5467224121094,406.3502197265625,28197030
2024-06-06,386.42462158203125,419.2532958984375,421.4679870605469,415.1127624511719,419.8310546875,32318523
2024-06-07,389.7528381347656,422.8642272949219,425.2715148925781,415.1127624511719,415.4016418457031,29543660
2024-06-10,387.7559509277344,420.6976623535156,424.6456298828125,419.6866149902344,423.6827087402344,11872688
2024-06-11,384.29461669921875,416.9422912597656,421.5643005371094,416.2201232910156,420.7939758300781,13158571
2024-06-12,383.67333984375,416.26824951171875,418.2903747558594,414.2461242675781,414.5831604003906,10751658
2024-06-13,381.8983459472656,414.3424377441406,420.6976623535156,413.8128356933594,420.6976623535156,9641349
2024-06-14,382.6527099609375,415.1609191894531,415.8830871582031,413.1387939453125,415.0164794921875,9572809
2024-06-18,380.5226745605469,412.84991455078125,418.0978088378906,412.3203125,416.9422912597656,14641141
2024-06-19,375.996337890625,407.9390563964844,414.7757263183594,407.3612976074219,414.0535583496094,11329972
2024-06-20,375.6856994628906,407.6020202636719,410.683349609375,405.8687744140625,408.32421875,15147549
2024-06-21,372.4018859863281,404.03924560546875,409.5278625488281,403.0281677246094,409.2389831542969,26176371
2024-06-24,375.6856994628906,407.6020202636719,408.2279052734375,404.4244079589844,404.4244079589844,9723008
2024-06-25,375.6856994628906,407.6020202636719,408.27606201171875,404.1836853027344,407.3131408691406,10655609
2024-06-26,376.2625732421875,408.2279052734375,410.5870666503906,406.39837646484375,407.3131408691406,11511714
2024-06-27,377.7270202636719,409.8167419433594,411.4055480957031,405.4836120605469,408.2279052734375,38438054
2024-06-28,377.1057434082031,409.1427001953125,412.1277160644531,407.79461669921875,409.7204284667969,18554411
2024-07-01,380.7889404296875,413.1387939453125,414.2942810058594,408.9019470214844,410.49078369140625,13391362
2024-07-02,377.63824462890625,409.7204284667969,414.679443359375,406.87982177734375,414.0535583496094,11177863
2024-07-03,380.123291015625,412.4165954589844,413.7165222167969,409.7204284667969,410.2981872558594,7435499
2024-07-04,380.7889404296875,413.1387939453125,415.4979248046875,411.21295166015625,414.0535583496094,9478861
2024-07-05,384.87152099609375,417.5682067871094,417.90521240234375,411.7425537109375,413.09063720703125,13427543
2024-07-08,393.7022705078125,427.1492004394531,428.06396484375,417.5682067871094,419.0125732421875,21311436
2024-07-09,401.68994140625,435.8154296875,438.1264343261719,427.53436279296875,431.0008544921875,27489709
2024-07-10,400.6693115234375,434.7080993652344,438.4634704589844,429.941650390625,436.8746337890625,12065662
2024-07-11,407.0594177246094,441.6410827636719,442.4595642089844,432.06005859375,433.3118591308594,19556596
2024-07-12,407.4144592285156,442.0262451171875,446.07049560546875,438.9449157714844,441.6410827636719,19693114
2024-07-15,411.2751159667969,446.2149353027344,449.1518249511719,440.2448425292969,442.0262451171875,16876907
2024-07-16,413.1832580566406,448.2851867675781,449.4407043457031,444.2890930175781,446.2630615234375,13497253
2024-07-18,417.3546142578125,452.8108825683594,453.4367980957031,445.49273681640625,445.82977294921875,21907158
2024-07-19,421.1709289550781,456.951416015625,461.62158203125,451.9924011230469,453.5330810546875,25939326
2024-07-22,414.0707702636719,449.24810791015625,461.6697082519531,448.5740661621094,456.99957275390625,18762384
2024-07-23,436.8355712890625,473.9468688964844,478.95404052734375,449.1036682128906,449.24810791015625,56125835
2024-07-24,438.4774475097656,475.728271484375,491.7126770019531,472.4543762207031,477.60595703125,43693692
2024-07-25,434.8387145996094,471.78033447265625,477.60595703125,466.6768798828125,471.8284606933594,18567567
2024-07-26,445.71075439453125,483.5760498046875,487.6202697753906,469.32489013671875,475.728271484375,21534703
2024-07-29,440.2525329589844,477.65411376953125,487.4277038574219,475.728271484375,486.753662109375,12978187
2024-07-30,434.7943115234375,471.732177734375,479.3392028808594,470.5285339355469,477.89483642578125,13891052
2024-07-31,439.63128662109375,476.9800720214844,479.483642578125,472.3099365234375,474.1876220703125,11982586
2024-08-01,438.1668701171875,475.3912658691406,478.3281555175781,472.74322509765625,477.55780029296875,12114803
2024-08-02,434.0843200683594,470.96185302734375,480.9280090332031,466.8213195800781,466.8213195800781,22141163
2024-08-05,431.3330078125,467.976806640625,473.65802001953125,461.7659912109375,462.2474670410156,25022076
2024-08-06,431.5992736816406,468.26568603515625,473.4654235839844,466.09912109375,468.217529296875,14251363
2024-08-07,437.2349548339844,474.38018798828125,477.2207946777344,469.9989318847656,471.8284606933594,11320399
2024-08-08,439.0987548828125,476.4023132324219,479.53179931640625,474.2357482910156,475.6801452636719,21349889
2024-08-09,440.119384765625,477.5096740722656,479.53179931640625,474.8135070800781,479.53179931640625,9556181
2024-08-12,438.96563720703125,476.25787353515625,481.4576110839844,473.7543029785156,473.7543029785156,9425644
2024-08-13,434.883056640625,471.8284606933594,479.3873596191406,470.14337158203125,477.55780029296875,8056478
2024-08-14,436.8355712890625,473.9468688964844,480.4947204589844,471.732177734375,473.7061462402344,9609981
2024-08-16,446.1101379394531,484.00933837890625,485.5018615722656,474.38018798828125,476.1615905761719,13643352
2024-08-19,445.0451354980469,482.8538513183594,490.4127197265625,481.07244873046875,486.0314636230469,10591508
2024-08-20,442.6932067871094,480.3021240234375,484.7315368652344,479.242919921875,482.4205322265625,6888634
2024-08-21,448.5508117675781,486.6573791503906,490.1238708496094,480.5428466796875,481.4576110839844,8801221
2024-08-22,447.79644775390625,485.8388977050781,489.64239501953125,482.8538513183594,489.0165100097656,8686423
2024-08-23,448.9058532714844,487.04254150390625,488.1498718261719,481.40948486328125,486.3203430175781,8195369
2024-08-26,448.81707763671875,486.94622802734375,489.16094970703125,483.3834533691406,487.235107421875,8126402
2024-08-27,444.2907409667969,482.0353698730469,488.7757873535156,481.4576110839844,488.7276306152344,8260450
2024-08-28,441.3619384765625,478.8577575683594,483.6723327636719,478.0874328613281,481.8427734375,8081932
2024-08-29,448.2845764160156,486.3684997558594,488.8720703125,478.9058837890625,479.53179931640625,19389694
2024-08-30,445.44451904296875,483.28717041015625,490.268310546875,481.65020751953125,483.3352966308594,15523349
2024-09-02,452.677734375,491.1349182128906,493.8792419433594,484.63525390625,485.3092956542969,16497266
2024-09-03,452.1008605957031,490.509033203125,496.8161315917969,489.0646667480469,491.1349182128906,12481552
2024-09-04,449.3939514160156,487.5721435546875,491.1349182128906,481.40948486328125,481.4576110839844,8739052
2024-09-05,453.69842529296875,492.2422790527344,492.91632080078125,488.2461853027344,489.4979553222656,11318636
2024-09-06,445.2669982910156,483.0945739746094,493.0126037597656,478.71331787109375,493.0126037597656,14245025
2024-09-09,454.1865234375,492.7718811035156,493.63848876953125,481.7946472167969,483.3834533691406,14265060
2024-09-10,455.8284606933594,494.55328369140625,495.9013366699219,489.88311767578125,492.91632080078125,11332248
2024-09-11,456.49407958984375,495.27545166015625,500.2344665527344,492.9644470214844,493.97552490234375,15497555
2024-09-12,461.0648193359375,500.2344665527344,501.1973876953125,489.6905517578125,495.9976501464844,19085324
2024-09-13,456.0503234863281,494.79400634765625,500.7159118652344,493.0126037597656,500.2344665527344,9165077
2024-09-16,453.60968017578125,492.14599609375,497.8271789550781,490.79791259765625,496.7679748535156,7821668
2024-09-17,450.636474609375,488.92022705078125,494.505126953125,487.475830078125,492.09783935546875,10889862
2024-09-18,450.2814636230469,488.5350341796875,493.39776611328125,486.3684997558594,489.0165100097656,5638729
2024-09-19,451.0802307128906,489.40167236328125,495.7087707519531,488.6794738769531,491.0867614746094,14461616
2024-09-20,456.5384521484375,495.3236083984375,498.1642150878906,489.16094970703125,493.0126037597656,24725118
2024-09-23,458.8016357421875,497.7790222167969,500.1863098144531,494.55328369140625,496.33465576171875,8105508
2024-09-24,457.2928466796875,496.14208984375,498.5975036621094,495.0828857421875,497.8271789550781,7015487
2024-09-25,459.3341064453125,498.3567810058594,500.0419006347656,493.3014831542969,496.3828125,8802667
2024-09-26,463.94921875,503.36395263671875,504.3268737792969,497.8271789550781,498.45306396484375,16086557
2024-09-27,463.90484619140625,503.3157958984375,508.90069580078125,500.9566650390625,500.9566650390625,17916386
2024-09-30,459.8666687011719,498.9345397949219,504.90460205078125,494.986572265625,501.2936706542969,10936940
2024-10-01,458.135986328125,497.0568542480469,500.4751892089844,494.9384460449219,498.9345397949219,5285319
2024-10-03,455.0740661621094,493.73480224609375,496.57537841796875,489.2572326660156,489.6905517578125,16481353
2024-10-04,446.9089050292969,484.8759765625,498.1642150878906,482.95013427734375,491.0867614746094,18930962
2024-10-07,452.8109130859375,491.27935791015625,495.85321044921875,487.9573059082031,488.1980285644531,17114457
2024-10-08,450.8139953613281,489.11279296875,493.5422058105469,487.235107421875,491.0867614746094,9868331
2024-10-09,436.3918151855469,473.4654235839844,490.8941955566406,472.3580627441406,490.8941955566406,24874940
2024-10-10,436.7024841308594,473.8024597167969,477.2689514160156,471.2988586425781,476.9800720214844,13292273
2024-10-11,433.2855224609375,470.09521484375,475.6319885253906,469.32489013671875,474.71722412109375,14949380
2024-10-14,441.0513000488281,478.5207214355469,480.4947204589844,470.5285339355469,472.7913818359375,6970606
2024-10-15,442.4713439941406,480.0614013671875,480.8798828125,476.1615905761719,479.53179931640625,8347216
2024-10-16,437.7231140136719,474.9097900390625,480.35028076171875,474.09130859375,477.60595703125,6939430
2024-10-17,433.90679931640625,470.7692565917969,476.6430358886719,469.90264892578125,476.6430358886719,7669729
2024-10-18,431.9542541503906,468.6508483886719,473.32098388671875,460.6586608886719,470.62481689453125,22616838
2024-10-21,429.2473449707031,465.7139587402344,469.5174865722656,459.6475830078125,468.6508483886719,7680088
2024-10-22,427.60540771484375,463.93255615234375,470.2878112792969,462.9696350097656,465.7139587402344,12772970
2024-10-23,426.31854248046875,462.5363464355469,465.3769226074219,461.7178649902344,463.1622314453125,10553961
2024-10-24,418.6415100097656,454.2071228027344,464.51031494140625,452.5701599121094,464.1251525878906,13596626
2024-10-25,428.0491943359375,464.4140319824219,475.19866943359375,456.6144104003906,458.1550598144531,32154050
2024-10-28,429.69110107421875,466.1954040527344,467.8805236816406,458.34765625,464.0769958496094,8946214
2024-10-29,433.06365966796875,469.8544921875,471.0581359863281,463.45111083984375,467.0138854980469,7131161
2024-10-30,436.2586975097656,473.32098388671875,474.95794677734375,468.458251953125,469.8544921875,6640080
2024-10-31,433.81805419921875,470.6729736328125,474.71722412109375,466.7250061035156,473.7543029785156,8111694
2024-11-01,435.1492919921875,472.1173400878906,473.8505859375,471.1544189453125,472.7913818359375,1517892
2024-11-04,430.0904541015625,466.62872314453125,475.1505126953125,461.7659912109375,475.1505126953125,8754385
2024-11-05,426.1853942871094,462.39190673828125,467.0620422363281,459.2624206542969,465.0399169921875,7610046
2024-11-06,426.9841613769531,463.2585144042969,466.4361572265625,460.27349853515625,462.39190673828125,11749720
2024-11-07,424.14410400390625,460.17718505859375,464.7991943359375,458.4439392089844,463.8844299316406,9267980
2024-11-08,424.2772216796875,460.3216247558594,462.87335205078125,456.99957275390625,460.17718505859375,6325023
2024-11-11,423.30096435546875,459.2624206542969,463.6436767578125,456.51812744140625,460.3216247558594,5700343
2024-11-12,419.6621398925781,455.3144836425781,460.225341796875,453.6775207519531,459.8883361816406,5236095
2024-11-13,419.08526611328125,454.6885681152344,457.0958557128906,450.88507080078125,452.6183166503906,11548660
2024-11-14,413.5382995605469,448.67034912109375,455.4107666015625,445.1075744628906,453.7256774902344,12087836
2024-11-18,414.0707702636719,449.24810791015625,450.4517517089844,444.8668518066406,448.718505859375,8448573
2024-11-19,414.7807922363281,450.0184326171875,456.18109130859375,448.959228515625,450.64434814453125,7121472
2024-11-21,405.7281494140625,440.19671630859375,446.8408203125,438.5115966796875,443.9039306640625,20313155
2024-11-22,421.25970458984375,457.0477294921875,458.8291015625,438.6078796386719,439.28192138671875,20214206
2024-11-25,423.1678161621094,459.11798095703125,464.3177185058594,454.88116455078125,461.23638916015625,14427013
2024-11-26,423.3453674316406,459.3105773925781,464.75103759765625,456.51812744140625,462.1993103027344,6791715
2024-11-27,423.30096435546875,459.2624206542969,462.2956237792969,455.45892333984375,459.7920227050781,7339184
2024-11-28,421.4815673828125,457.2884521484375,465.8583984375,453.0997619628906,459.3105773925781,14967609
2024-11-29,423.12347412109375,459.0698547363281,461.1401062011719,455.07373046875,455.6514892578125,8668142
2024-12-02,423.5228576660156,459.5031433105469,461.5252685546875,455.8440856933594,458.34765625,5689595
2024-12-03,419.39593505859375,455.0256042480469,455.8440856933594,445.5890197753906,448.718505859375,23073942
2024-12-04,414.5589294433594,449.7777099609375,460.466064453125,449.1036682128906,456.8070068359375,13957078
2024-12-05,414.9139404296875,450.1628723144531,455.2181701660156,445.3482971191406,450.2110290527344,27432375
2024-12-06,418.15338134765625,453.6775207519531,457.33660888671875,450.35546875,452.5701599121094,7842234
2024-12-09,412.6507568359375,447.7074279785156,454.4960021972656,445.7816162109375,454.0145263671875,12154116
2024-12-10,413.0945129394531,448.18890380859375,449.1518249511719,445.444580078125,448.0926208496094,9163636
2024-12-11,412.9169921875,447.9963073730469,450.8369140625,447.4667053222656,449.8739929199219,7005617
2024-12-12,408.7900390625,443.5187683105469,450.54803466796875,442.1225280761719,448.237060546875,13380617
2024-12-13,417.1327209472656,452.5701599121094,456.8070068359375,434.9006652832031,442.9410095214844,32976794
2024-12-16,417.2214660644531,452.66644287109375,456.8070068359375,450.64434814453125,452.8108825683594,9354160
2024-12-17,416.73333740234375,452.1368408203125,458.1550598144531,445.8778991699219,452.5701599121094,20608409
2024-12-18,417.57647705078125,453.0516357421875,456.229248046875,449.5851135253906,455.1700439453125,12841386
2024-12-19,414.0707702636719,449.24810791015625,456.75885009765625,448.0444641113281,451.60723876953125,15161531
2024-12-20,412.384521484375,447.4185791015625,450.11474609375,442.2669677734375,449.199951171875,20231570
2024-12-23,420.9046936035156,456.6625671386719,459.984619140625,450.2591552734375,453.7256774902344,19562956
2024-12-24,424.63226318359375,460.706787109375,462.4400329589844,455.12188720703125,457.2884521484375,12009880
2024-12-26,423.30096435546875,459.2624206542969,463.980712890625,458.34765625,462.7289123535156,9188830
2024-12-27,424.765380859375,460.8512268066406,464.02886962890625,458.34765625,461.9585876464844,16906420
2024-12-30,423.3453674316406,459.3105773925781,463.5955505371094,458.34765625,462.9215087890625,13578360
2024-12-31,429.2473449707031,465.7139587402344,466.6768798828125,456.951416015625,460.706787109375,13787501
2025-01-01,429.51361083984375,466.0028381347656,468.7952880859375,464.26959228515625,467.976806640625,18931186
2025-01-02,434.0399169921875,470.9136962890625,471.8284606933594,464.4140319824219,467.3509216308594,27131131
2025-01-03,427.4279479980469,463.739990234375,472.7913818359375,462.05487060546875,472.0691833496094,38500784
2025-01-06,407.98931884765625,442.6499938964844,461.75,441.25,455.6000061035156,22009958
2025-01-07,406.5606994628906,441.1000061035156,447.6000061035156,440.1499938964844,445.5,14294780
2025-01-08,414.3490295410156,449.54998779296875,452.04998779296875,437.1000061035156,443.0,13482926
2025-01-09,414.8559875488281,450.1000061035156,460.6499938964844,446.04998779296875,449.3999938964844,19732649
2025-01-10,410.0631408691406,444.8999938964844,452.0,442.5,449.95001220703125,9145729
2025-01-13,404.6712341308594,439.04998779296875,444.0,435.0,435.0,17799607
2025-01-14,402.4130859375,436.6000061035156,441.5,435.8500061035156,441.0,18048459
2025-01-15,403.1043395996094,437.3500061035156,441.79998779296875,435.3500061035156,436.6000061035156,9786805
2025-01-16,398.95672607421875,432.8500061035156,439.45001220703125,431.1000061035156,438.04998779296875,15774070
2025-01-17,405.731201171875,440.20001220703125,441.79998779296875,432.5,433.0,11270061
2025-01-20,403.4269104003906,437.70001220703125,441.20001220703125,436.0,439.0,8742771
2025-01-21,403.2886962890625,437.54998779296875,447.0,435.25,438.0,15686500
2025-01-22,402.78173828125,437.0,441.95001220703125,436.54998779296875,439.8999938964844,9619648
2025-01-23,405.731201171875,440.20001220703125,441.8500061035156,434.1000061035156,435.0,8888248
2025-01-24,407.0215759277344,441.6000061035156,445.0,439.04998779296875,439.3999938964844,9665384
2025-01-27,405.6390075683594,440.1000061035156,445.0,436.54998779296875,440.79998779296875,10480203
2025-01-28,401.3531188964844,435.45001220703125,441.79998779296875,434.5,440.0,20813072
2025-01-29,399.41754150390625,433.3500061035156,437.5,430.1000061035156,435.95001220703125,15158510
2025-01-30,402.0444030761719,436.20001220703125,438.0,431.45001220703125,433.0,22496695
2025-01-31,412.4595947265625,447.5,448.20001220703125,435.1000061035156,436.5,13546181
2025-02-01,426.33111572265625,462.54998779296875,471.5,439.54998779296875,448.0,30393007
2025-02-03,418.7732238769531,454.3500061035156,465.20001220703125,452.29998779296875,462.0,16991730
2025-02-04,419.51055908203125,455.1499938964844,460.3500061035156,448.75,458.0,18923681
2025-02-05,413.0586853027344,448.1499938964844,455.8500061035156,446.5,455.1499938964844,12836283
2025-02-06,406.5606994628906,441.1000061035156,450.0,438.20001220703125,450.0,17469129
2025-02-07,397.1133117675781,430.8500061035156,445.5,428.3999938964844,440.0,18875982
2025-02-10,393.7491149902344,427.20001220703125,433.29998779296875,426.5,427.0,12227140
2025-02-11,385.5459899902344,418.29998779296875,430.54998779296875,417.5,428.79998779296875,14288751
2025-02-12,383.7671203613281,409.8999938964844,413.79998779296875,407.6000061035156,413.1499938964844,13884574
2025-02-13,383.57989501953125,409.70001220703125,413.95001220703125,409.0,409.95001220703125,12989029
2025-02-14,384.0948486328125,410.25,416.20001220703125,408.3999938964844,411.75,14124236
2025-02-17,382.5500183105469,408.6000061035156,411.3999938964844,406.75,409.79998779296875,11975265
2025-02-18,379.4136047363281,405.25,410.8500061035156,404.0,408.0,12998403
2025-02-19,380.49029541015625,406.3999938964844,408.79998779296875,404.5,404.79998779296875,7079032
2025-02-20,376.4176025390625,402.04998779296875,403.8999938964844,396.20001220703125,399.95001220703125,15355585
2025-02-21,375.3409423828125,400.8999938964844,403.25,399.20001220703125,402.04998779296875,8240986
2025-02-24,376.2771911621094,401.8999938964844,403.3999938964844,398.75,400.0,7037625
2025-02-25,379.03912353515625,404.8500061035156,407.0,400.5,402.0,15760891
2025-02-27,375.9963073730469,401.6000061035156,406.5,399.5,404.8500061035156,19051003
2025-02-28,369.8171081542969,395.0,402.5,392.20001220703125,399.0,31954776
2025-03-03,372.11090087890625,397.45001220703125,399.0,391.20001220703125,395.95001220703125,10702826
2025-03-04,369.6766662597656,394.8500061035156,397.20001220703125,392.8500061035156,395.3999938964844,13404774
2025-03-05,379.2263488769531,405.04998779296875,412.75,394.5,394.5,15665018
2025-03-06,379.8349304199219,405.70001220703125,409.70001220703125,400.54998779296875,409.1499938964844,17869996
2025-03-07,378.149658203125,403.8999938964844,405.8500061035156,401.70001220703125,403.54998779296875,11180761
2025-03-10,379.1795654296875,405.0,406.8500061035156,400.3999938964844,401.04998779296875,9785018
2025-03-11,380.3030700683594,406.20001220703125,408.3999938964844,401.20001220703125,401.5,11099475
2025-03-12,386.1077575683594,412.3999938964844,413.29998779296875,404.0,406.3999938964844,13844306
2025-03-13,385.7800598144531,412.04998779296875,414.3999938964844,408.20001220703125,413.0,8196569
2025-03-17,381.9414978027344,407.95001220703125,416.25,407.0,413.0,5257805
2025-03-18,383.0181884765625,409.1000061035156,411.95001220703125,407.75,410.0,13861897
2025-03-19,377.35382080078125,403.04998779296875,410.75,402.6000061035156,410.0,12830387
2025-03-20,378.1965026855469,403.95001220703125,406.6499938964844,401.8999938964844,405.0,16994037
2025-03-21,379.6944580078125,405.54998779296875,407.5,401.70001220703125,405.95001220703125,25302035
2025-03-24,384.703369140625,410.8999938964844,412.8500061035156,405.6000061035156,407.0,14362572
2025-03-25,383.67352294921875,409.79998779296875,415.25,408.70001220703125,412.0,20338110
2025-03-26,381.3797302246094,407.3500061035156,411.20001220703125,406.25,410.29998779296875,13891436
2025-03-27,383.3458557128906,409.45001220703125,410.70001220703125,405.6499938964844,408.0,18642328
2025-03-28,383.626708984375,409.75,415.6000061035156,408.1499938964844,410.8999938964844,12981873
2025-04-01,380.724365234375,406.6499938964844,414.3999938964844,405.6000061035156,409.79998779296875,15206240
2025-04-02,382.9713439941406,409.04998779296875,410.0,406.04998779296875,407.04998779296875,8001323
2025-04-03,383.29901123046875,409.3999938964844,410.20001220703125,406.70001220703125,407.04998779296875,7059566
2025-04-04,383.57989501953125,409.70001220703125,412.79998779296875,404.5,407.5,18627592
2025-04-07,380.16259765625,406.04998779296875,408.1000061035156,390.1499938964844,390.1499938964844,26762866
2025-04-08,386.2481689453125,412.54998779296875,415.79998779296875,407.25,411.8999938964844,18600796
2025-04-09,389.75909423828125,416.29998779296875,419.04998779296875,411.25,413.0,21785572
2025-04-11,394.6744079589844,421.54998779296875,422.45001220703125,417.0,420.0,8939356
2025-04-15,393.59771728515625,420.3999938964844,429.20001220703125,419.0,429.20001220703125,11685880
2025-04-16,397.3895568847656,424.45001220703125,426.04998779296875,418.0,418.0,13034594
2025-04-17,400.0110168457031,427.25,427.8500061035156,421.54998779296875,425.0,22410217
2025-04-21,395.8915100097656,422.8500061035156,429.1000061035156,421.5,428.04998779296875,27388236
2025-04-22,405.9561767578125,433.6000061035156,434.79998779296875,423.54998779296875,425.95001220703125,32031936
2025-04-23,403.3815002441406,430.8500061035156,437.45001220703125,428.8500061035156,436.20001220703125,19566317
2025-04-24,402.6324768066406,430.04998779296875,436.04998779296875,429.29998779296875,431.8500061035156,26064089
2025-04-25,400.52593994140625,427.79998779296875,432.70001220703125,423.29998779296875,430.04998779296875,22944377
2025-04-28,401.4621887207031,428.79998779296875,430.5,424.75,426.6499938964844,6287095
2025-04-29,398.8407287597656,426.0,429.6000061035156,425.0,428.8999938964844,11189930
2025-04-30,398.6534729003906,425.79998779296875,429.29998779296875,422.0,427.3999938964844,10026546
2025-05-02,402.1175537109375,429.5,431.5,424.1000061035156,424.1000061035156,9263372
2025-05-05,409.0926208496094,436.95001220703125,438.5,429.3500061035156,430.25,11525305
2025-05-06,407.7818298339844,435.54998779296875,439.6499938964844,433.0,437.5,15026568
2025-05-07,403.662353515625,431.1499938964844,435.0,429.70001220703125,433.3999938964844,9710361
2025-05-08,403.1474609375,430.6000061035156,431.5,423.54998779296875,429.0,19937960
2025-05-09,396.5469055175781,423.54998779296875,429.1499938964844,423.0,425.95001220703125,8226512
2025-05-12,407.73504638671875,435.5,436.20001220703125,428.1499938964844,429.5,8031891
2025-05-13,400.6195983886719,427.8999938964844,437.95001220703125,425.3500061035156,434.8999938964844,14976369
2025-05-14,401.7430725097656,429.1000061035156,431.8500061035156,425.8999938964844,427.1000061035156,9557309
2025-05-15,405.0667419433594,432.6499938964844,435.3999938964844,426.0,429.1000061035156,24263510
2025-05-16,407.92230224609375,435.70001220703125,436.20001220703125,432.1000061035156,434.8999938964844,16402035
2025-05-19,407.5946044921875,435.3500061035156,438.5,432.6499938964844,435.0,7543854
2025-05-20,407.17327880859375,434.8999938964844,440.79998779296875,432.8999938964844,437.0,9868414
2025-05-21,405.3944396972656,433.0,438.20001220703125,432.0,436.6000061035156,5776672
2025-05-22,398.934326171875,426.1000061035156,433.0,422.8999938964844,433.0,19451749
2025-05-23,408.4840393066406,436.29998779296875,439.0,429.0,434.0,18536884
2025-05-26,414.66326904296875,442.8999938964844,443.54998779296875,436.75,438.25,13107662
2025-05-27,406.2370300292969,433.8999938964844,444.20001220703125,430.8500061035156,442.8999938964844,26986022
2025-05-28,400.65911865234375,420.20001220703125,422.6000061035156,413.0,417.70001220703125,431851622
2025-05-29,399.2765197753906,418.75,422.79998779296875,416.6000061035156,422.0,21478547
2025-05-30,398.60906982421875,418.04998779296875,420.04998779296875,416.3999938964844,419.1000061035156,30656239
2025-06-02,399.8009338378906,419.29998779296875,420.45001220703125,414.54998779296875,418.29998779296875,14973380
2025-06-03,397.5602722167969,416.95001220703125,421.70001220703125,415.6499938964844,419.0,13216486
2025-06-04,397.60791015625,417.0,419.0,415.95001220703125,417.1499938964844,12598933
2025-06-05,399.6102600097656,419.1000061035156,420.95001220703125,415.75,418.5,13212523
2025-06-06,401.4695739746094,421.04998779296875,421.29998779296875,419.0,420.29998779296875,8774988
2025-06-09,403.3765563964844,423.04998779296875,423.6000061035156,420.5,422.0,10473123
2025-06-10,407.14288330078125,427.0,428.54998779296875,423.04998779296875,424.5,13041075
2025-06-11,406.3323974609375,426.1499938964844,428.1000061035156,424.8500061035156,428.0,20789182
2025-06-12,401.4219055175781,421.0,427.20001220703125,419.54998779296875,427.0,18508835
2025-06-13,394.6520690917969,413.8999938964844,419.3500061035156,413.5,415.0,17873926
2025-06-16,398.7521057128906,418.20001220703125,418.8999938964844,413.25,414.95001220703125,7006629
2025-06-17,397.98931884765625,417.3999938964844,419.04998779296875,415.70001220703125,418.1000061035156,9028406
2025-06-18,396.5590515136719,415.8999938964844,418.45001220703125,414.8999938964844,417.0,8036215
2025-06-19,396.6544189453125,416.0,418.25,414.79998779296875,415.6499938964844,12601006
2025-06-20,399.0858154296875,418.54998779296875,419.5,416.0,416.0,13203184
2025-06-23,394.6520690917969,413.8999938964844,417.5,411.75,417.0,14839890
2025-06-24,395.0811462402344,414.3500061035156,420.6499938964844,413.75,416.8999938964844,16690068
2025-06-25,396.9881591796875,416.3500061035156,418.1499938964844,415.1000061035156,416.3999938964844,9946718
2025-06-26,400.7544250488281,420.29998779296875,420.8999938964844,416.25,417.20001220703125,13703918
2025-06-27,399.18115234375,418.6499938964844,422.0,417.79998779296875,421.0,21409935
2025-06-30,397.08349609375,416.45001220703125,420.75,415.79998779296875,419.79998779296875,12317124
2025-07-01,395.7962646484375,415.1000061035156,418.8500061035156,414.8999938964844,417.0,13670465
2025-07-02,393.74627685546875,412.95001220703125,416.8999938964844,411.70001220703125,416.8999938964844,15990899
2025-07-03,394.1276550292969,413.3500061035156,416.0,411.25,414.0,14185298
2025-07-04,393.3648376464844,412.54998779296875,415.0,411.75,414.8999938964844,8256733
2025-07-07,396.79742431640625,416.1499938964844,417.20001220703125,412.0,413.0,6845218
2025-07-08,397.7986145019531,417.20001220703125,418.1000061035156,414.6499938964844,416.1499938964844,6807192
2025-07-09,399.9440002441406,419.45001220703125,420.29998779296875,415.45001220703125,416.20001220703125,9930533
2025-07-10,397.46490478515625,416.8500061035156,420.29998779296875,416.3999938964844,420.29998779296875,6220360
2025-07-11,397.4172058105469,416.79998779296875,418.04998779296875,415.5,417.0,8578844
2025-07-14,399.8962707519531,419.3999938964844,419.95001220703125,416.54998779296875,417.04998779296875,6896989
2025-07-15,402.4707336425781,422.1000061035156,422.3999938964844,419.0,420.8999938964844,8532755
2025-07-16,404.8544616699219,424.6000061035156,425.45001220703125,420.29998779296875,422.1000061035156,9780773
2025-07-17,404.2347106933594,423.95001220703125,425.8999938964844,423.0,425.79998779296875,7240795
2025-07-18,403.09051513671875,422.75,425.20001220703125,420.1000061035156,425.20001220703125,6730256
2025-07-21,400.5637512207031,420.1000061035156,422.75,418.3999938964844,422.0,4822343
2025-07-22,396.6544189453125,416.0,420.3999938964844,415.20001220703125,420.1000061035156,9869507
2025-07-23,395.65325927734375,414.95001220703125,417.8999938964844,414.0,417.1000061035156,12196187
2025-07-24,390.8857727050781,409.95001220703125,415.8500061035156,409.45001220703125,415.8500061035156,9005157
2025-07-25,390.361328125,409.3999938964844,410.25,407.75,410.0,5824089
2025-07-28,390.83807373046875,409.8999938964844,410.8500061035156,408.6000061035156,410.79998779296875,8123337
2025-07-29,389.45550537109375,408.45001220703125,411.3999938964844,408.0,410.0,6811772
2025-07-30,388.6450500488281,407.6000061035156,409.29998779296875,405.75,409.0,10915863
2025-07-31,392.79278564453125,411.95001220703125,414.0,405.54998779296875,405.95001220703125,19364174
2025-08-01,397.08349609375,416.45001220703125,419.3500061035156,411.79998779296875,412.3999938964844,14324065
2025-08-04,397.46490478515625,416.8500061035156,422.5,415.1000061035156,420.20001220703125,18352458
2025-08-05,394.89044189453125,414.1499938964844,417.95001220703125,413.0,417.20001220703125,8495104
2025-08-06,392.8404235839844,412.0,415.0,410.5,414.1499938964844,9080543
2025-08-07,394.36602783203125,413.6000061035156,414.75,411.6499938964844,412.0,11514878
2025-08-08,395.22418212890625,414.5,415.3500061035156,412.95001220703125,413.8999938964844,9814361
2025-08-11,397.46490478515625,416.8500061035156,417.0,414.0,414.5,8514272
2025-08-12,396.9881591796875,416.3500061035156,419.79998779296875,415.29998779296875,417.0,13635738
2025-08-13,394.8427734375,414.1000061035156,417.5,413.6000061035156,417.20001220703125,10874910
2025-08-14,392.3160095214844,411.45001220703125,415.04998779296875,411.0,414.25,9580361
2025-08-18,387.4054870605469,406.29998779296875,413.70001220703125,404.8500061035156,413.0,30950814
2025-08-19,390.0753173828125,409.1000061035156,409.3999938964844,404.5,406.3500061035156,16681331
2025-08-20,387.1671142578125,406.04998779296875,410.25,405.45001220703125,409.1000061035156,18188129
2025-08-21,386.69036865234375,405.54998779296875,406.8500061035156,403.3500061035156,406.04998779296875,15028966
2025-08-22,379.77752685546875,398.29998779296875,406.5,397.5,406.0,13087624
2025-08-25,380.7787170410156,399.3500061035156,400.54998779296875,396.25,399.0,10440286
2025-08-26,384.5926818847656,403.3500061035156,405.3999938964844,398.3999938964844,399.29998779296875,13715752
2025-08-28,382.2566223144531,400.8999938964844,404.5,400.0,404.5,12471719
2025-08-29,390.695068359375,409.75,410.45001220703125,401.8999938964844,402.0,25255050
2025-09-01,386.9764404296875,405.8500061035156,410.20001220703125,405.0,409.75,12268090
2025-09-02,387.8345947265625,406.75,407.8500061035156,404.45001220703125,406.54998779296875,19808255
2025-09-03,392.6020812988281,411.75,413.25,407.29998779296875,408.5,12936588
2025-09-04,396.5590515136719,415.8999938964844,427.0,415.0,423.95001220703125,27274123
2025-09-05,388.40667724609375,407.3500061035156,417.0,404.3999938964844,416.8999938964844,16000675
2025-09-08,388.5973815917969,407.54998779296875,410.54998779296875,406.79998779296875,407.45001220703125,7419022
2025-09-09,390.9811096191406,410.04998779296875,410.95001220703125,407.3999938964844,408.5,8825896
2025-09-10,393.8415832519531,413.04998779296875,413.70001220703125,408.95001220703125,411.0,9252397
2025-09-11,395.74859619140625,415.04998779296875,416.70001220703125,412.45001220703125,413.04998779296875,8274406
2025-09-12,394.5090637207031,413.75,417.04998779296875,412.8500061035156,415.3500061035156,7803379
2025-09-15,393.4601745605469,412.6499938964844,414.29998779296875,411.75,413.04998779296875,5707331
2025-09-16,393.8892822265625,413.1000061035156,414.3500061035156,412.0,413.20001220703125,8239087
2025-09-17,390.2659912109375,409.29998779296875,414.6000061035156,408.04998779296875,413.95001220703125,14113882
2025-09-18,392.4113464355469,411.54998779296875,413.04998779296875,410.1000061035156,411.3500061035156,15647808
2025-09-19,391.55322265625,410.6499938964844,412.6000061035156,408.95001220703125,411.54998779296875,19505321
2025-09-22,388.0252990722656,406.95001220703125,411.0,406.04998779296875,410.6499938964844,8930779
2025-09-23,384.4496765136719,403.20001220703125,408.1000061035156,402.1000061035156,407.1000061035156,14936357
2025-09-24,382.35198974609375,401.0,404.6499938964844,400.70001220703125,403.20001220703125,12380865
2025-09-25,381.49383544921875,400.1000061035156,403.0,398.0,401.45001220703125,22006368
2025-09-26,386.2613220214844,405.1000061035156,405.8999938964844,399.79998779296875,400.1000061035156,14414044
2025-09-29,388.3113098144531,407.25,408.0,403.20001220703125,406.8999938964844,19717660
2025-09-30,382.87640380859375,401.54998779296875,406.75,400.3999938964844,406.75,9465490
2025-10-01,386.7380676269531,405.6000061035156,406.0,399.75,402.3500061035156,17643039
2025-10-03,385.4985046386719,404.29998779296875,405.5,402.29998779296875,404.8999938964844,16987141
2025-10-06,382.11358642578125,400.75,403.8999938964844,399.79998779296875,403.0,13989077
2025-10-07,381.2077941894531,399.79998779296875,402.6000061035156,399.5,402.5,12298968
2025-10-08,381.16009521484375,399.75,401.75,398.0,400.0,8402463
2025-10-09,381.3031311035156,399.8999938964844,401.3999938964844,398.95001220703125,399.0,15656267
2025-10-10,384.0682373046875,402.79998779296875,403.8500061035156,399.5,400.45001220703125,15085738
2025-10-13,380.683349609375,399.25,400.95001220703125,398.54998779296875,400.0,9508594
2025-10-14,378.3472900390625,396.79998779296875,400.8500061035156,396.20001220703125,400.0,10291102
2025-10-15,381.3031311035156,399.8999938964844,400.8500061035156,397.25,398.0,16043867
2025-10-16,386.3089599609375,405.1499938964844,406.0,399.54998779296875,401.0,22962049
2025-10-17,392.98345947265625,412.1499938964844,413.8500061035156,405.25,405.3500061035156,21071344
2025-10-20,393.8415832519531,413.04998779296875,414.8500061035156,411.29998779296875,412.54998779296875,13083621
2025-10-21,393.6509094238281,412.8500061035156,413.95001220703125,412.3500061035156,413.5,1142130
2025-10-23,396.60675048828125,415.95001220703125,420.45001220703125,413.54998779296875,416.0,24305990
2025-10-24,397.4172058105469,416.79998779296875,417.95001220703125,413.45001220703125,415.95001220703125,14935678
2025-10-27,401.0881652832031,420.6499938964844,422.70001220703125,416.6000061035156,417.0,11603679
2025-10-28,398.466064453125,417.8999938964844,421.6499938964844,415.8999938964844,420.5,17163147
2025-10-29,401.9940185546875,421.6000061035156,422.20001220703125,416.04998779296875,418.20001220703125,11470661
2025-10-30,399.2765197753906,418.75,421.70001220703125,416.1499938964844,421.6000061035156,12938674
2025-10-31,400.8021240234375,420.3500061035156,426.3999938964844,418.20001220703125,420.5,18599864
2025-11-03,394.69976806640625,413.95001220703125,421.6499938964844,413.29998779296875,419.95001220703125,7635440
2025-11-04,389.88458251953125,408.8999938964844,414.5,408.3500061035156,414.0,10085404
2025-11-06,388.5497131347656,407.5,413.29998779296875,406.54998779296875,410.0,10095563
2025-11-07,385.2601318359375,404.04998779296875,409.1000061035156,403.1000061035156,406.04998779296875,8411611
2025-11-10,386.69036865234375,405.54998779296875,407.1000061035156,403.6499938964844,404.04998779296875,6650003
2025-11-11,387.929931640625,406.8500061035156,408.04998779296875,404.6000061035156,406.0,12005318
2025-11-12,388.07293701171875,407.0,408.1000061035156,405.54998779296875,408.0,7987236
2025-11-13,386.8334045410156,405.70001220703125,407.5,404.5,407.0,6617185
2025-11-14,389.1694641113281,408.1499938964844,408.75,400.1000061035156,404.70001220703125,64020258
2025-11-17,388.1683044433594,407.1000061035156,412.0,406.0,409.75,7855399
2025-11-18,386.9764404296875,405.8500061035156,409.79998779296875,404.54998779296875,408.25,7661681
2025-11-19,384.78338623046875,403.54998779296875,405.54998779296875,402.79998779296875,404.8500061035156,7882450
2025-11-20,386.59503173828125,405.45001220703125,407.0,403.25,403.54998779296875,6693410
2025-11-21,388.8834228515625,407.8500061035156,408.5,404.70001220703125,405.0,5808131
2025-11-24,384.78338623046875,403.54998779296875,408.79998779296875,402.8500061035156,408.3999938964844,11037491
2025-11-25,382.1612854003906,400.79998779296875,404.5,400.1000061035156,403.54998779296875,8199785
2025-11-26,383.5915222167969,402.29998779296875,403.95001220703125,400.95001220703125,401.0,11443953
2025-11-27,385.4985046386719,404.29998779296875,405.95001220703125,402.1000061035156,403.5,8679529
2025-11-28,385.4508361816406,404.25,405.0,402.5,404.29998779296875,6883500
2025-12-01,385.4508361816406,404.25,405.5,398.20001220703125,402.79998779296875,13442658
2025-12-02,382.3043212890625,400.95001220703125,405.5,400.5,404.25,8093808
2025-12-03,381.8752136230469,400.5,402.20001220703125,398.8500061035156,401.70001220703125,10772192
2025-12-04,384.3066101074219,403.04998779296875,403.54998779296875,399.04998779296875,400.1000061035156,8057989
2025-12-05,386.1182861328125,404.95001220703125,405.3500061035156,402.0,403.04998779296875,4419747
2025-12-08,383.5915222167969,402.29998779296875,405.25,400.54998779296875,404.95001220703125,6056866
2025-12-09,382.3996276855469,401.04998779296875,404.5,400.0,402.0,9426717
2025-12-10,384.4019775390625,403.1499938964844,404.3999938964844,401.0,401.1000061035156,6969146
2025-12-11,384.16363525390625,402.8999938964844,404.0,401.1000061035156,403.1499938964844,6980147
2025-12-12,381.49383544921875,400.1000061035156,404.0,399.8500061035156,402.8999938964844,12407516
2025-12-15,383.5915222167969,402.29998779296875,403.3500061035156,399.5,400.1000061035156,7756564
2025-12-16,383.0194091796875,401.70001220703125,405.75,401.04998779296875,401.3999938964844,12347384
2025-12-17,381.2077941894531,399.79998779296875,403.1000061035156,399.1000061035156,401.0,8087490
2025-12-18,381.7798767089844,400.3999938964844,401.95001220703125,399.8500061035156,400.0,7227668
2025-12-19,382.3996276855469,401.04998779296875,402.6499938964844,400.25,400.25,10654835
2025-12-22,383.9729309082031,402.70001220703125,403.6499938964844,401.20001220703125,401.6000061035156,6847871
2025-12-23,388.40667724609375,407.3500061035156,408.8999938964844,401.79998779296875,402.5,10081997
2025-12-24,387.6915588378906,406.6000061035156,409.5,405.6499938964844,407.95001220703125,5777430
2025-12-26,385.35546875,404.1499938964844,407.1499938964844,403.8500061035156,406.5,3152453
2025-12-29,383.8775634765625,402.6000061035156,404.79998779296875,401.45001220703125,404.1000061035156,6647710
2025-12-30,381.9705810546875,400.6000061035156,403.45001220703125,400.29998779296875,403.0,12340527
2025-12-31,384.25897216796875,403.0,403.75,400.8500061035156,401.1000061035156,9945109
2026-01-01,346.9295959472656,363.8500061035156,402.70001220703125,362.70001220703125,402.70001220703125,282626710
2026-01-02,333.7713317871094,350.04998779296875,360.0,345.25,360.0,118790358
2026-01-05,333.4376220703125,349.70001220703125,353.95001220703125,346.04998779296875,350.20001220703125,48358124
2026-01-06,326.5248107910156,342.45001220703125,350.70001220703125,337.75,350.25,72582738
2026-01-07,325.38055419921875,341.25,344.54998779296875,339.29998779296875,343.0,29440734
2026-01-08,325.0468444824219,340.8999938964844,345.1499938964844,339.04998779296875,341.5,36706319
2026-01-09,321.4712219238281,337.1499938964844,341.0,336.1000061035156,340.8999938964844,35193201
2026-01-12,322.6630859375,338.3999938964844,339.5,335.79998779296875,338.25,16156143
2026-01-13,319.13519287109375,334.70001220703125,339.5,333.70001220703125,339.0,24922339
2026-01-14,319.182861328125,334.75,336.0,333.45001220703125,336.0,14913422
2026-01-15,319.182861328125,334.75,334.75,334.75,334.75,0
2026-01-16,313.8909606933594,329.20001220703125,337.5,328.54998779296875,337.5,30526898
2026-01-19,317.7049255371094,333.20001220703125,334.6499938964844,327.29998779296875,330.0,15507440
2026-01-20,311.12579345703125,326.29998779296875,334.5,325.5,334.04998779296875,18771011
2026-01-21,309.64788818359375,324.75,329.29998779296875,324.3500061035156,326.0,14177965
2026-01-22,309.7432556152344,324.8500061035156,328.70001220703125,321.04998779296875,326.1000061035156,18622852
2026-01-23,308.3606872558594,323.3999938964844,326.3999938964844,322.70001220703125,325.54998779296875,11950089
2026-01-27,303.8315734863281,318.6499938964844,324.70001220703125,317.8500061035156,323.6000061035156,47847784
2026-01-28,306.2153015136719,321.1499938964844,323.70001220703125,319.3500061035156,319.95001220703125,28400238
2026-01-29,303.7839050292969,318.6000061035156,322.6000061035156,318.04998779296875,322.6000061035156,17719420
2026-01-30,307.1687927246094,322.1499938964844,325.1499938964844,316.45001220703125,318.79998779296875,41975824
2026-02-02,300.06524658203125,314.70001220703125,315.3999938964844,302.0,309.45001220703125,35227572
2026-02-03,301.924560546875,316.6499938964844,324.75,311.6000061035156,321.20001220703125,33168353
2026-02-04,305.5264587402344,313.8500061035156,314.95001220703125,311.3500061035156,312.5,11196759
2026-02-05,301.9732666015625,310.20001220703125,315.3500061035156,309.29998779296875,313.95001220703125,15816704
2026-02-06,317.1595153808594,325.79998779296875,327.70001220703125,308.29998779296875,310.0,68057745
2026-02-09,314.23907470703125,322.79998779296875,328.70001220703125,321.6499938964844,327.95001220703125,20059198
2026-02-10,312.876220703125,321.3999938964844,323.54998779296875,320.75,323.0,11489090
2026-02-11,309.80975341796875,318.25,322.20001220703125,316.29998779296875,321.95001220703125,24843366
2026-02-12,309.0309753417969,317.45001220703125,320.3999938964844,316.8999938964844,317.29998779296875,13294561
2026-02-13,305.4291076660156,313.75,318.3999938964844,313.25,316.0,8730618
2026-02-16,309.5177307128906,317.95001220703125,318.25,313.1499938964844,313.75,11693763
2026-02-17,316.8188171386719,325.45001220703125,328.04998779296875,318.1499938964844,318.45001220703125,39360672
2026-02-18,323.6331787109375,332.45001220703125,332.95001220703125,324.79998779296875,326.0,35473203
2026-02-19,317.3542175292969,326.0,334.25,325.0,334.04998779296875,19911747
2026-02-20,318.32769775390625,327.0,327.8500061035156,325.04998779296875,325.04998779296875,11282027
2026-02-23,316.7701416015625,325.3999938964844,328.1000061035156,324.3999938964844,327.0,13486092
2026-02-24,314.9205322265625,323.5,325.3999938964844,322.04998779296875,324.0,13135859
2026-02-25,311.2699890136719,319.75,326.6000061035156,318.1000061035156,325.5,13492101
2026-02-26,309.8584289550781,318.29998779296875,321.3999938964844,317.6000061035156,320.0,11270119
2026-02-27,305.2830810546875,313.6000061035156,317.75,312.6499938964844,316.0,13892595
2026-03-02,306.548583984375,314.8999938964844,315.75,307.0,307.0,22194311
2026-03-04,303.6768493652344,311.95001220703125,315.5,310.5,310.6000061035156,24165489
2026-03-05,303.23876953125,311.5,313.6000061035156,308.20001220703125,312.20001220703125,19938009
2026-03-06,301.48651123046875,309.70001220703125,312.29998779296875,309.20001220703125,310.04998779296875,21288269
2026-03-09,297.8846435546875,306.0,307.20001220703125,303.6000061035156,305.0,14084931
2026-03-10,300.8537292480469,309.04998779296875,310.0,303.75,309.0,18352950
2026-03-11,300.8050842285156,309.0,310.6499938964844,307.70001220703125,309.04998779296875,14842485
2026-03-12,296.0350341796875,304.1000061035156,308.0,302.8500061035156,307.04998779296875,23319679
2026-03-13,293.455322265625,301.45001220703125,306.0,300.6499938964844,304.0,25659996
2026-03-16,300.0749816894531,308.25,309.45001220703125,302.0,302.54998779296875,37472204
2026-03-17,296.76513671875,304.8500061035156,309.95001220703125,304.04998779296875,309.95001220703125,25649286
2026-03-18,295.986328125,304.04998779296875,306.95001220703125,303.5,305.8999938964844,16702554
2026-03-19,290.0968017578125,298.0,305.5,297.1000061035156,301.5,17851126
2026-03-20,291.9950866699219,299.95001220703125,308.75,298.1499938964844,301.04998779296875,58679529
2026-03-23,282.7470397949219,290.45001220703125,299.0,289.54998779296875,298.8999938964844,31788160
2026-03-24,283.52581787109375,291.25,296.0,288.75,295.95001220703125,33335721
2026-03-25,287.8578186035156,295.70001220703125,298.5,292.25,292.70001220703125,26184716
2026-03-27,286.88433837890625,294.70001220703125,296.8500061035156,291.54998779296875,294.70001220703125,22179022
2026-03-30,280.0699768066406,287.70001220703125,294.45001220703125,287.0,293.6000061035156,24586921
2026-04-01,283.9638977050781,291.70001220703125,294.45001220703125,290.8999938964844,293.0,18604340
2026-04-02,285.0834045410156,292.8500061035156,293.6499938964844,288.3999938964844,290.25,18082775
2026-04-06,287.0303649902344,294.8500061035156,295.3500061035156,290.25,293.0,18047063
2026-04-07,290.5348815917969,298.45001220703125,299.0,292.75,294.1499938964844,26963485
2026-04-08,294.4288024902344,302.45001220703125,304.6000061035156,301.54998779296875,303.8999938964844,22310207
2026-04-09,294.9642028808594,303.0,304.3999938964844,301.25,301.5,17691477
2026-04-10,296.1810607910156,304.25,305.3999938964844,302.6000061035156,303.0,17744386
2026-04-13,290.72955322265625,298.6499938964844,301.45001220703125,298.1000061035156,300.0,16522014
2026-04-15,294.0393981933594,302.04998779296875,304.0,300.54998779296875,300.70001220703125,18701403
2026-04-16,295.35357666015625,303.3999938964844,305.3500061035156,301.8500061035156,302.95001220703125,16512053
2026-04-17,298.6634216308594,306.79998779296875,309.95001220703125,303.8500061035156,303.8500061035156,35111203
2026-04-20,296.9111633300781,305.0,307.95001220703125,304.45001220703125,307.0,13540471
2026-04-21,301.4378356933594,309.6499938964844,311.1000061035156,304.54998779296875,305.0,24411865
2026-04-22,297.39788818359375,305.5,310.54998779296875,305.1000061035156,310.0,24500511
2026-04-23,297.20318603515625,305.29998779296875,306.3500061035156,303.25,304.0,10701849
2026-04-24,293.6013488769531,301.6000061035156,306.6499938964844,301.1000061035156,306.6499938964844,17011704
2026-04-27,295.7916564941406,303.8500061035156,305.6499938964844,302.8500061035156,303.6499938964844,14382348
2026-04-28,296.3757629394531,304.45001220703125,305.79998779296875,302.54998779296875,304.3999938964844,12907339
2026-04-29,307.86279296875,316.25,317.5,305.1000061035156,305.1000061035156,31199038
2026-04-30,306.548583984375,314.8999938964844,317.5,313.29998779296875,316.25,11541956
2026-05-01,306.548583984375,314.8999938964844,314.8999938964844,314.8999938964844,314.8999938964844,0
2026-05-04,302.8493957519531,311.1000061035156,317.8999938964844,310.5,317.8999938964844,20245091
2026-05-05,303.19012451171875,311.45001220703125,313.70001220703125,309.6499938964844,311.1000061035156,26795704
2026-05-06,302.4599914550781,310.70001220703125,313.6000061035156,309.25,312.79998779296875,20287609
2026-05-07,299.24749755859375,307.3999938964844,311.6499938964844,307.0,311.45001220703125,25718615
2026-05-08,299.29620361328125,307.45001220703125,308.8999938964844,305.70001220703125,308.8999938964844,17739844
2026-05-11,297.7386169433594,305.8500061035156,308.0,305.1499938964844,307.0,14968661
2026-05-12,292.7252197265625,300.70001220703125,306.25,300.1000061035156,305.3500061035156,15968338
2026-05-13,296.3757629394531,304.45001220703125,305.79998779296875,301.04998779296875,302.0,13024778
2026-05-14,299.0528259277344,307.20001220703125,309.20001220703125,304.8500061035156,305.0,11113377
2026-05-15,301.2431640625,309.45001220703125,312.04998779296875,306.29998779296875,307.20001220703125,11954564
2026-05-18,301.924560546875,310.1499938964844,312.29998779296875,306.5,309.45001220703125,14422870
2026-05-19,302.0705871582031,310.29998779296875,314.25,308.3500061035156,311.95001220703125,17519355
2026-05-20,299.3935241699219,307.54998779296875,309.6499938964844,306.20001220703125,309.0,12127920
2026-05-21,299.8802490234375,308.04998779296875,311.29998779296875,305.79998779296875,309.8500061035156,21868988
2026-05-22,293.6986999511719,301.70001220703125,307.0,301.0,305.8999938964844,30751752
2026-05-25,295.8890075683594,303.95001220703125,305.5,302.3500061035156,303.95001220703125,15734247
2026-05-26,293.6499938964844,301.6499938964844,304.3999938964844,301.1000061035156,304.3500061035156,37560542
2026-05-27,291.95001220703125,291.95001220703125,296.3500061035156,291.04998779296875,295.6499938964844,25446093
2026-05-28,291.95001220703125,291.95001220703125,291.95001220703125,291.95001220703125,291.95001220703125,0
2026-05-29,286.8999938964844,286.8999938964844,292.3999938964844,285.8999938964844,292.0,31930439
2026-06-01,279.6499938964844,279.6499938964844,288.54998779296875,278.29998779296875,287.79998779296875,23477875
2026-06-02,283.25,283.25,283.6000061035156,277.1000061035156,279.5,20206131
2026-06-03,277.0,277.0,282.3500061035156,275.20001220703125,282.3500061035156,28001438
2026-06-04,280.29998779296875,280.29998779296875,280.6499938964844,275.04998779296875,277.0,22017634
2026-06-05,280.70001220703125,280.70001220703125,281.3999938964844,277.8500061035156,280.0,16065822
2026-06-08,279.45001220703125,279.45001220703125,283.45001220703125,276.95001220703125,279.0,15779677
2026-06-09,280.0,280.0,281.70001220703125,277.1499938964844,281.70001220703125,12302522
2026-06-10,283.6499938964844,283.6499938964844,285.8500061035156,278.6499938964844,280.0,19823743
2026-06-11,282.3999938964844,282.3999938964844,283.25,281.20001220703125,283.0,12603100
2026-06-12,285.1000061035156,285.1000061035156,285.8500061035156,283.0,283.54998779296875,12893433
2026-06-15,287.8999938964844,287.8999938964844,288.8500061035156,286.70001220703125,287.0,11194950
2026-06-16,291.6499938964844,291.6499938964844,292.1499938964844,287.5,288.1499938964844,14467499
2026-06-17,290.75,290.75,292.3500061035156,290.0,291.95001220703125,8626353
2026-06-18,291.1499938964844,291.1499938964844,291.8999938964844,288.0,291.04998779296875,10409670
2026-06-19,292.5,292.5,294.54998779296875,288.3999938964844,289.79998779296875,13874008
2026-06-22,291.25,291.25,293.95001220703125,290.04998779296875,292.79998779296875,9947873
2026-06-23,290.0,290.0,293.1499938964844,289.6499938964844,291.25,9410364
2026-06-24,290.3500061035156,290.3500061035156,291.3999938964844,289.45001220703125,290.0,6218635
2026-06-25,290.0,290.0,292.25,289.20001220703125,290.3500061035156,11230239
2026-06-26,290.0,290.0,290.0,290.0,290.0,0
2026-06-29,290.70001220703125,290.70001220703125,291.8999938964844,289.3500061035156,290.45001220703125,10110022
2026-06-30,286.95001220703125,286.95001220703125,291.6000061035156,285.5,291.5,18180676
2026-07-01,290.29998779296875,290.29998779296875,291.0,287.1000061035156,287.8500061035156,6551425
2026-07-02,289.8999938964844,289.8999938964844,291.0,287.70001220703125,290.70001220703125,12722639
2026-07-03,289.95001220703125,289.95001220703125,291.6000061035156,289.0,291.29998779296875,6517591
2026-07-06,288.25,288.25,290.3999938964844,287.6000061035156,289.95001220703125,27126124
2026-07-07,288.75,288.75,290.70001220703125,286.54998779296875,288.29998779296875,18491160
2026-07-08,280.6499938964844,280.6499938964844,287.8500061035156,280.0,286.8999938964844,21593793
2026-07-09,282.04998779296875,282.04998779296875,284.3999938964844,281.0,281.25,12512120
2026-07-10,281.75,281.75,283.6499938964844,280.8500061035156,282.8500061035156,11774274
2026-07-13,279.6499938964844,279.6499938964844,281.5,279.5,281.3500061035156,12559492
2026-07-14,275.54998779296875,275.54998779296875,280.6499938964844,275.0,279.25,15018851
2026-07-15,276.6499938964844,276.6499938964844,277.70001220703125,275.29998779296875,276.6499938964844,8523722
2026-07-16,279.3500061035156,279.3500061035156,280.45001220703125,276.0,277.0,11220653
2026-07-17,280.70001220703125,280.70001220703125,281.95001220703125,277.79998779296875,279.3500061035156,15215868
2026-07-20,282.70001220703125,282.70001220703125,283.70001220703125,279.5,280.70001220703125,9913943
2026-07-21,281.0,281.0,283.95001220703125,278.79998779296875,283.0,9858768
2026-07-22,280.79998779296875,280.79998779296875,282.20001220703125,278.5,280.5,12995017
2026-07-23,281.29998779296875,281.29998779296875,284.0,279.6499938964844,279.95001220703125,21143589
2026-07-24,283.45001220703125,283.45001220703125,284.8500061035156,279.54998779296875,279.54998779296875,24954082
2026-07-27,285.8500061035156,285.8500061035156,287.8999938964844,285.5,287.75,19312804
2026-07-28,284.6499938964844,284.6499938964844,287.95001220703125,282.29998779296875,284.8999938964844,14843878
2026-07-29,286.25,286.25,289.04998779296875,284.1499938964844,285.6000061035156,19030590
2026-07-30,285.04998779296875,285.04998779296875,288.3999938964844,283.75,286.1000061035156,18283697
2026-07-31,281.0,281.0,285.79998779296875,280.04998779296875,285.54998779296875,16833813
